cookie_id,score
ck_315fb710a0e371e7,0.0011185614348616084
ck_a76ee3b3e3e522fd,0.08128258987623753
ck_94c9a4d382689e82,0.051494509104360243
ck_8eaf9509ad9462a0,0.004528963753334078
ck_9a88a5a989cb5bc6,0.00628087634868395
ck_15239ef0689c1a35,0.01691786809495939
ck_8de69cd219d3b87f,0.24814363834845016
ck_f92cd37022b0ce21,0.02595328934217586
ck_1a3ff7620580a514,0.017925466487852534
ck_397c03aa33a57310,0.2291753755379523
ck_a7cf6c3b322f6b7a,0.005172617236248342
ck_c39a9e75760e3201,0.010451809651678759
ck_88ab6d245228c38e,0.0020955319307017937
ck_17733f75ebdea93e,0.007583339896154013
ck_58eb871e8d7bed52,0.0809474647143837
ck_e55b7fa67db1ec27,0.008829681842703807
ck_62f5cfe22c952694,0.026976972798616477
ck_7fbb709a0fe95759,0.010222755010774744
ck_87abe9cd066a20fb,0.03379935205896961
ck_d58e058b5c553dd5,0.008067423875987731
ck_d27b872648b71202,0.0030104861082611775
ck_4b4a3c5b95c55b43,0.0017017958946132661
ck_66dd4f4b4127256d,0.008434098927563164
ck_93cc12703b500613,0.044075976432634945
ck_d28806a2179092eb,0.9911473253811813
ck_0595c2a0c7881e05,0.005473098834128694
ck_50087d8666191144,0.4240150259977667
ck_b08b3f089138c901,0.016293229517974316
ck_fe3b67041dad2dd1,0.0030432883947970088
ck_8449a28f7d475d93,0.03064855732708642
ck_8642e3b6d84f49d3,0.016680935665663223
ck_e49b5e4f2f2e79db,0.45176826043737
ck_437afe412ea4259c,0.09282838469987582
ck_569b83668d74042d,0.051098422189116595
ck_233a487d31c3e631,0.9969333303765349
ck_1fca72e03143a645,0.9145561757704779
ck_79205e31223df2ad,0.05740396097948314
ck_9625a64406ea16e3,0.004476792790363225
ck_079bd18dacb704a8,0.05700206410969988
ck_4db6d4fd2b49aa81,0.02416567681005715
ck_0dbefdac0a1868fb,0.00541607035679813
ck_24ff97ad90bdd69a,0.09643882461824331
ck_77f8c5042065d506,0.01036205900113458
ck_f11be8ce05382cec,0.09451906338403786
ck_c9d72140b0389216,0.05288019848689479
ck_69eda24e931fb36a,0.0016866245163845717
ck_ed471e496916ee15,0.008526437915310726
ck_ff090498c4b17ac3,0.006527843565565865
ck_c3c19d6a0720915c,0.0055314563193388615
ck_af02e1817cfa40b5,0.058964740966456854
ck_2df5a9fc87553eb1,0.013370963324441675
ck_4ac918e884cff336,0.04615973797152663
ck_ca149244b54ef3ad,0.0026420461807314766
ck_6babe5b8674ff51f,0.00984250566712678
ck_1573878386886290,0.004481290387112128
ck_3925f8565abb7fe4,0.003651818656901034
ck_c4de808ae69c771f,0.0009387167038852444
ck_a777c813551281fe,0.03426744972177216
ck_df4424f6dd85080d,0.07025497863537536
ck_85e5494ec20383ae,0.0362538617708006
ck_f71a4094e889c3af,0.0035354210563867104
ck_f2f3cf9cd23b2809,0.06729016938434651
ck_18e2076397bcc211,0.04583334452364152
ck_c9f9fddef39bc664,0.06463028366841772
ck_7e826e233d6ea028,0.004711921435295057
ck_62fd7eb46bee9210,0.00955909637127294
ck_206f8e3cd72768f3,0.03577037773812499
ck_aa295a11b0a6ab36,0.004906204135086819
ck_9a56739d81f84a53,0.007386332187369887
ck_aa075c418ed9fe5a,0.027179036012116006
ck_62b9fb3db284941b,0.012806921496213975
ck_f4f83b1403ebea46,0.04125038898070936
ck_16b66bd803288bc3,0.21757287349677662
ck_c4ca1434f3778f1d,0.9923286134047371
ck_1b823610371a29c0,0.011513191605637785
ck_c2bd5a722aa637d9,0.011752115118055989
ck_7890208951df34f0,0.01730109728358597
ck_020eb0e454524ecd,0.004132807426130844
ck_3b66196ccf436c35,0.004267237752556878
ck_109fc467ec0a4af5,0.059908757255261555
ck_f3dcd818db92de7b,0.025377587148808438
ck_31e7742f160980ef,0.024725775169788963
ck_77fce5f86f00b8f4,0.28974833651055776
ck_46bc797b4d07d607,0.002225583840585927
ck_37899b1b571b1c6b,0.013464275526295238
ck_ef8a6af43fedd464,0.006573789403860476
ck_bcc8519fe8521038,0.027758298594780066
ck_90696b7182dd9129,0.004881405430092291
ck_4a24ad61d017e1ba,0.033799994082696974
ck_0acc3d8c67218b9d,0.008668871456163052
ck_05c97fc9de11aba6,0.09928000510105871
ck_f8ac3a0500c0ec62,0.019089871640839702
ck_617b65141f546a1c,0.016843727249055158
ck_9d00823bf60388d7,0.040254100244150263
ck_123c15d93f1840f2,0.050418903794961896
ck_573feefba6bf78bb,0.12947613632296212
ck_b25657bd16739036,0.008380524270300534
ck_bd26d2bef14a8597,0.014348274942947194
ck_a553418f2fba1440,0.009041507797815625
ck_89f3e380b0686963,0.006179350650862484
ck_b359192aa659bdce,0.007066936115193046
ck_02241f3dc301bebf,0.009433736200208695
ck_5ccc1a1c78cb33ee,0.04462534232453221
ck_349cc5edda1b8853,0.04409219842922268
ck_e9f228845bf6e28b,0.073779432976443
ck_0a45d033d4e280ea,0.04308323000878288
ck_7e63168dda612235,0.002753648110423355
ck_676fa5f6aae5475b,0.006812121216697764
ck_74b502b20690ccfe,0.006985264220925812
ck_073509af21dd7f5f,0.41963558069350243
ck_498a0acd450944d8,0.002844861948604131
ck_7f15b50b29dead01,0.09575569717544556
ck_8089fe7403c5f537,0.01784058024957625
ck_05b2b04e11d9ae9c,0.0362819652815052
ck_31e70f2f04b48b88,0.0025921322615054623
ck_994316fa5a02b319,0.001917137117349978
ck_b76510998b9a2260,0.01610691923121517
ck_4db95c310e105d30,0.0010209450911792869
ck_6f730b77dc6cdb84,0.013696046390150325
ck_2493ee8e7b91d304,0.029018534599026726
ck_92d679d6ac7dcdcb,0.08513471101329556
ck_3a0e0200cbb185cb,0.03343089763311742
ck_0b2eeb4e00ff7955,0.019297103128341327
ck_9843d0e61c37ebe8,0.9958219634532935
ck_e61c8721e3ef1921,0.0041083267525711285
ck_2e0eedaaf2980c2c,0.0069780600168763635
ck_9036b2e5e9298a34,0.004145568828179854
ck_3265442528d51728,0.011517916366234239
ck_f2ddae2eb1cb29b4,0.010773281539294792
ck_6cfa71d27fc27f92,0.010420231484528964
ck_f3199fbe84a28b9a,0.04968958872242303
ck_b78d785ca3ef773a,0.0053650672714753754
ck_374865697f1480eb,0.021201588023234342
ck_06d0e4a9189302a9,0.01346990190237348
ck_9c9884b9bcaa552e,0.2670367776070399
ck_fd4cf578e87703ff,0.04976503174764407
ck_1917ef3e6e345549,0.050157071205097395
ck_e70418b00cbbbac9,0.039030678730656854
ck_a60388296a47062c,0.022465567244164233
ck_d598fe8d2c779ab9,0.007620351378313484
ck_646dc03de4c31803,0.8702030248677113
ck_e4fd8cbd842b6993,0.04495265842659159
ck_2225b555aa2a42ed,0.04230702719126531
ck_6be8ae9d78148882,0.013006440434467144
ck_4199342d3aca74e8,0.05258661721776329
ck_779581adb573261f,0.06526845850723383
ck_bb303568b6915205,0.05556242052967475
ck_17c4296276448afe,0.009060353171549903
ck_a60a61ac829252a0,0.004427380840566032
ck_6ea70950c1cae00b,0.8993229519342237
ck_1abb93f6924645e1,0.02958812692837776
ck_faab769cce19879a,0.02667877454807346
ck_d5b8e74e7ca6355a,0.01674323719790796
ck_f11f7691af16ad07,0.004442072532725085
ck_188fdf2be7c92e9d,0.9932626090931232
ck_4a103f8254b366f7,0.010675904720966842
ck_bfa17a0b1760e616,0.002053794182097839
ck_a4d7f6a5869d440a,0.9487849325203755
ck_58e20f5a3e7f11b8,0.7663014465153877
ck_4becdd3d2696c7ba,0.015400285881701158
ck_dad5cf32ab9f243f,0.004229659560945606
ck_7d9f73dc7c4f90c3,0.08676416178103946
ck_c19371047a2d011d,0.002520106617598352
ck_247589ff532f7aa8,0.0040019779776762675
ck_7a9f241d5f082567,0.004128249849266612
ck_0a2b7078736b4dda,0.004554115914179291
ck_687b412e2aac7eb6,0.008796329214106299
ck_fce0b6855886a0b8,0.012797485262458342
ck_e291cc60920456d0,0.2252985072690936
ck_04219a7ea798db51,0.07294249827100685
ck_286bfd719836e9f3,0.11559386889374296
ck_55efc92394fee232,0.010307032886332888
ck_e36c8da1bd359960,0.045880198279112286
ck_34b0988a97d96902,0.0074408433545244575
ck_e0fb11fc9dcb34e6,0.004499426043264877
ck_bcc9cbc9ed8b7c31,0.013326027806902991
ck_3df8da6f60a89a5b,0.03289921853805102
ck_b1495ee5c59a6b28,0.010816358475738242
ck_58f4c3ac61fda129,0.1391908466254572
ck_735f244b99e3aa8d,0.03734088694357738
ck_6b93bd8abf87b1d6,0.9518599200135235
ck_12107dacc6d05bd1,0.0015233049206019376
ck_f96db2a1f3448d1f,0.01527323213316744
ck_8fd91a3c99e19097,0.016857027563775107
ck_910205d25388a0ae,0.002314370823620638
ck_d229dfa0e4442628,0.004344442641626805
ck_7cdec61e1c488798,0.05755631106004965
ck_f66f06e24ff32671,0.03799631811382737
ck_350bf14e90b503f5,0.012799748000015793
ck_61fff5fdaadd394b,0.007872812819867549
ck_e934f984bad2ff91,0.2717782135683061
ck_ff6a6d3547dd2d37,0.006471260566055238
ck_65ad9b15979e3247,0.01057357981428589
ck_bbe1a2ea5a403ad8,0.23273013639651097
ck_6f3a28eecd2c4031,0.0215677904569146
ck_a89b66665714058f,0.00945765778720274
ck_918c92182b6817cd,0.011720570756553455
ck_64f5eb4be9e7b8fa,0.19192487455322477
ck_d021fd497ea35fb2,0.009800086855570626
ck_004de16f7d8a42ae,0.018738348327385503
ck_a33d2325f86ab12d,0.011608970144690277
ck_89790ff26c844bc6,0.004935756786741901
ck_e6e7257377c37b28,0.04478477529497118
ck_a2cc3910a641a808,0.6653179395865756
ck_646e270e0195bf05,0.009263935915492518
ck_baba5d66def0d770,0.05843099599808515
ck_67cdcdda3033842d,0.019535160335242063
ck_b5c3075c811a2216,0.028616422180272882
ck_515379973a8044b8,0.008525756643305994
ck_c0ce85fb4109567d,0.027273913479313572
ck_fef850553862aaca,0.006189203809029664
ck_55d7217b0aff9fa2,0.004177778903946361
ck_8e139f8925ef7968,0.006821383092912357
ck_9e35b908fca1e4d7,0.0031521585251217442
ck_59735f4ab2ad3da5,0.012285686608379538
ck_dc569c1167ccec0d,0.5151013982860163
ck_1dade5592f90a15c,0.017609077399866755
ck_793048d11fb8b328,0.27739747683057725
ck_545b71eb4fa594b5,0.001691774876437324
ck_bd30853e9a57b544,0.014186353742990642
ck_59f46321ecf6d306,0.02451875570250761
ck_260cfe9141d249f1,0.12680264889972936
ck_3365a0ad1a8aa83c,0.0061161114081899025
ck_b0ef193195a2138b,0.0045529572054866406
ck_0f909705e2e60f2f,0.0058896998620077065
ck_5a540b75c866166a,0.0407309377958057
ck_87c26b2f41025109,0.9900451323932552
ck_27acc9f320cda104,0.11554201296833663
ck_a27bc31eecd9cb9a,0.021011318674013655
ck_115d86fabde77b65,0.0015421119841029442
ck_eeca179341d56f8a,0.5940135738770053
ck_8e5999c436cf037e,0.0015408855760374754
ck_510e7c5df1f95d90,0.9947258385548784
ck_f1acf73363925958,0.016055487482758722
ck_3c177f5970b68bd3,0.005973803804390544
ck_9cdfaa1c30cc9d32,0.004505827131727577
ck_c8efa1538b37c359,0.016747893874902574
ck_a8a2e296f9804bd7,0.017928137928242945
ck_91a0ca45f429568d,0.022773784172407024
ck_5fdf8a0bdbd3ed62,0.030222470475826404
ck_0f4e2ec66d50da5f,0.0074130036208913935
ck_28c53b214b2ee882,0.15688838100230304
ck_003148504557f720,0.10646027894200365
ck_01d840cffb870615,0.40393521222796464
ck_555848d51f4b5f35,0.019206765090042894
ck_df20cc23b8fb8e22,0.01521338295864789
ck_f9604adde929beff,0.0056388678136928575
ck_d66952b03591bdec,0.009076126679491816
ck_ddcac1ab765ff61a,0.020968419817047404
ck_347386629d96c664,0.02277821775425815
ck_ab01db9117acfe3d,0.009429353534312294
ck_58e5359efc52e0ad,0.009784335061655354
ck_1a524b5cc8da71b3,0.0380020404521366
ck_e9287b6d909d731f,0.005282009336307472
ck_bb41a66e3d90263b,0.09284416809859669
ck_e95c8cc1864bd584,0.014109441903002996
ck_7a3f2961e9a8b6dc,0.01458046927424433
ck_378a9df82b1e0bee,0.266600479375399
ck_42633573639a3f02,0.9721134557869112
ck_2a5a4c18c2c7274b,0.00896913781204541
ck_77549c1a41f837c3,0.02085420342582532
ck_a26704b5b26258b7,0.027847874399232406
ck_9874ad160efddf50,0.007471995529923427
ck_9111e3a04b14dfba,0.012807008236509555
ck_651e076ee43aea85,0.005580367920770724
ck_391639c0f13932f3,0.0024203289213405943
ck_02dbabda93c8c13d,0.024052182754520247
ck_0adcb1fffcb0a34b,0.026427577447106432
ck_7a43ef9c7b1c67b5,0.006414731567455264
ck_4b9dd69946438d0b,0.013907113707150916
ck_90bf017cdd37b66e,0.038629149622618174
ck_61c74163eb36556e,0.008180566061970217
ck_13376c59b5bd6943,0.0012319367585321573
ck_62337eccb1672737,0.011250943867955774
ck_16077934338472bf,0.002469154341157973
ck_0d4dfd93086e7330,0.009997166746207927
ck_3865b7525b910893,0.010306318625876833
ck_7e2ae8b69ebd5675,0.006957045716817354
ck_b4384b6c11766ce7,0.011876587069114026
ck_3d7fa32dfb9fc692,0.10336625152706873
ck_f4a6a7cadd6e0603,0.10112705186617703
ck_212525e2828a6c45,0.01692280324937007
ck_33ad8d53394ba77a,0.26202946245798275
ck_a5051eafe8b51224,0.00872430116715217
ck_f65e5ff7da565f91,0.01428869613213407
ck_5c37f7563fa7591d,0.0395509540512612
ck_f1e0a006068aff29,0.028339363664891707
ck_c646cdead6fb79d0,0.009567562067632002
ck_f8b3cdffef535330,0.09858875352426455
ck_e5cdbe3aa12c97f6,0.0104676022464775
ck_986e4e61440506d0,0.06220618836075539
ck_6da9c5912e15d9a8,0.005958947591491408
ck_51d842e6dae74c71,0.011628021663024249
ck_5fc65c24e0736d5d,0.7894492128200802
ck_babb95a76c69509d,0.02203765765263871
ck_86a2d852a9715432,0.07796233905831862
ck_db4083a0d043def8,0.32348607517334776
ck_96953b8945b7d403,0.02974540895098624
ck_7831ca5c31fb3859,0.11536177573541809
ck_60ac5e5f375daa38,0.0033241170233629133
ck_05d44eb1f5f085ce,0.007279184873642318
ck_432cc19c7eeaa46e,0.023064381026916606
ck_7fc513033af061af,0.326906457845863
ck_ada6ede84c111719,0.009814621582298002
ck_6343e0d3b1c2962b,0.020479398972489075
ck_010264ae04f2e902,0.2407101919377043
ck_e9dcf535f8c289eb,0.05812714937499711
ck_37143d9cc296e6fa,0.006851705094719256
ck_61fa051192f3e810,0.0227958989133191
ck_f9f93d1d41be1468,0.7224127855765577
ck_c4f4f28457be8a74,0.0018593552854247884
ck_323a71f9452d21cb,0.2641571364983007
ck_170f4688e0acd875,0.04763101165734259
ck_869b1878d09d230d,0.2185209777406826
ck_2f6b33bf46976229,0.05915626395744545
ck_b11e22e75d9b99de,0.005135569859881871
ck_123d75ffb75b606d,0.010437493386855764
ck_94295287a04c85d2,0.20083892953283503
ck_1b0434f096795328,0.003334019374637673
ck_0a4e191cd0a57ce1,0.005986401380720003
ck_d2fbd0df99634676,0.014155620118128693
ck_d51df5e9fbbbcc94,0.06489539092557962
ck_2d3d7d64a6f443f8,0.007990032567161739
ck_731943c682c9394e,0.029073745529923856
ck_5ccc0c94e5e1f849,0.008825876929263888
ck_c3476080516db25d,0.012129036794784791
ck_5010ffb1c94187b5,0.002041185395051526
ck_7ef666d67bc70223,0.009343296765441185
ck_c1b493527224a27a,0.0027644285162068526
ck_5d1e25d7acc5af9a,0.013255085216494305
ck_ec30b61cbf517db8,0.005196915927222165
ck_79323eb5d2e5efae,0.003495836169563903
ck_4085cd3bf2661518,0.010044832328388806
ck_2ca91214c357c072,0.08919069370240847
ck_7f3132d6be389657,0.04488354877150696
ck_e7a6b925c8f39a85,0.01112890410218527
ck_c886adec7bac250a,0.017023475191660514
ck_c3f360c2d0ea0a37,0.014522377939981535
ck_a7acd5b015823793,0.022372538584377676
ck_9d64187c0800f84e,0.014461329157654171
ck_5d4ed73b9efd7d11,0.011983800423032265
ck_874eca6776b34dec,0.006617739854696063
ck_96a9221a87be93c3,0.04844941451278809
ck_68dd79a51eabf5e6,0.030713228084058304
ck_8311cb6755b2016c,0.008508458215680022
ck_16fc77b2bcf5ec03,0.9619790373391344
ck_ad9e2088a33c8c72,0.001492926221540932
ck_7176bbc97b1e42a1,0.0037357660361724853
ck_80dfa54b30f65fff,0.6855953847790068
ck_31c54d540b128843,0.008125361248151835
ck_43ea894480567274,0.03204509375951419
ck_9c9e8a38bd5a6c88,0.026138906952143666
ck_1c2dcae19539e148,0.05195474316234139
ck_b0fa8b84e94d8ae0,0.016476827097807945
ck_4ceb43ccd0a81c2f,0.009708994478642333
ck_ba845332b730b596,0.0014928931757320924
ck_73d3e8c6077f61e6,0.1392971888239758
ck_b5d0d223ef56473f,0.024289557756851855
ck_949f08f8e80e93ea,0.0027805133782877493
ck_73de0b49709e5f8c,0.0038982579121199035
ck_b5935e9722a39819,0.032295945691795426
ck_96247fee0eb44420,0.004745251114531041
ck_a6def1e4b2d57e0d,0.02786819284251894
ck_aecdc5a96321a2d8,0.010198531181409799
ck_bc61c59970f8de49,0.018890416615324538
ck_c43b4175fc9ac5bd,0.5283338617259536
ck_8ff7a9b23a55fd62,0.008241517680566444
ck_20c99b645f462449,0.0051526441180750745
ck_a5ce2ae36fb410d9,0.002581110754809956
ck_96fb9bf556842bbc,0.012795130446558233
ck_b5e4c6dbbed1b773,0.026581560267125798
ck_2085433978e72ea9,0.097058807230206
ck_2c6b174b063ec637,0.0063825035308568475
ck_b20b81b88dabe28d,0.005045020556048425
ck_243c18dbf150831c,0.0017762248235788885
ck_2bb6a17e8eee35cc,0.05185796596649299
ck_66147fb994495396,0.22195941300831948
ck_73f124f075ede0fc,0.03048010783039041
ck_2e315f1b1e533dab,0.004640752711250769
ck_16c7bf94ed3e7a6f,0.0009678679721500138
ck_4a0eae220a762ac5,0.015334661795482402
ck_dc16f939c2f44ad8,0.03296101299560515
ck_817926b449754917,0.02323263720738051
ck_0c0dde42ab64ef87,0.017429938258768034
ck_cb3a40594da6a2ee,0.0295924505733543
ck_d0dc156441fcfdcb,0.015719526085355033
ck_66f0945add423e9e,0.013700271502802909
ck_a74f6a3030f5d495,0.01956314960367103
ck_1ae460f331e49ae2,0.01448136309440496
ck_2d177b2f4f0b40c9,0.1707087733144949
ck_92e474e4368c4791,0.006657820536300534
ck_3dee83fa2d109484,0.0023333345026235785
ck_80e5ea27848069fe,0.005130888278010065
ck_ed0c4a83701ca230,0.011648210817774562
ck_0b8b7c5c581fd161,0.005210680639774217
ck_60bf8a2870956fb1,0.0076006310434755045
ck_73a54b56a2bf35fe,0.8708653157129177
ck_2296d7a563424883,0.008438880930120832
ck_bc19c383560c7477,0.01200146627617253
ck_861d8e3d88f1079e,0.10508242131881748
ck_3f090fc96c24eb28,0.0032366937714427987
ck_9a6a1f8102febfca,0.03708689198870161
ck_541b6ad5d2fa5a39,0.004129495971320138
ck_a760d38d1bc4de97,0.002172682126938658
ck_7dca4d7ee10b4eeb,0.00245113953429385
ck_15220e78d1545e40,0.017682642529594818
ck_ca24bb0de508efb0,0.010053264131190474
ck_56b389627d8f02c5,0.9483717553317769
ck_48a6754977a44db0,0.007958777310154506
ck_333a43ec339a04cb,0.0540034766772702
ck_f22aacaf86a65d7e,0.047024283471139225
ck_04bd8a1ffaf3ffd8,0.00650177976602568
ck_2737a72de6b700f3,0.06126547877347201
ck_c35e03b0dd0c3454,0.008362900909526474
ck_e0571312f395cd94,0.023816221525919543
ck_09fab6b9825001b2,0.008145972694615112
ck_18c3a095606209e8,0.015241133178328276
ck_2a97db9377d01e36,0.008469897529944738
ck_f29dbbfdd2786bd1,0.006931183319269169
ck_35d6c510ad29362e,0.2806642391475977
ck_5468fa99c945d785,0.007632670006589156
ck_6f8102f62c876cc9,0.05276422641613539
ck_91955aab3424ad16,0.009082199157956527
ck_9a43c0c73a39d759,0.021285517163026645
ck_60b023af6d1e30bf,0.6308816034082219
ck_9704c5cf8659cedc,0.019758997644497116
ck_7e5f02b51b9f78bf,0.05684367161664681
ck_7d3a88d1aa649708,0.9101712102630652
ck_8250eddc1ecb07a0,0.07395525431410725
ck_d979ef95ee44023d,0.009978974667472964
ck_5e5461dac83531ac,0.08040561960342243
ck_d1bb8890081e0a31,0.0038821874653477695
ck_32246c62640648d9,0.0031599287865113498
ck_77a40c7d2f862a32,0.022198069359316078
ck_1c8b94efe9238f5b,0.006482650197888667
ck_eaf3b6d11bc3cb11,0.0019035798899821124
ck_a4a7ef3ad799c380,0.02640575363541279
ck_d5bd8f68da073cd8,0.1935980023734155
ck_6e6258227fc8db7f,0.0020907262880915565
ck_c35d444e05799db6,0.018186484022617442
ck_74665e1209140ae8,0.02535470508043309
ck_353a272478f7e903,0.01158411319098711
ck_a2c9796ea229a4e2,0.004002865362614465
ck_e0171f91cb3411fe,0.02112458856256444
ck_703499f5410280f7,0.003577512922997237
ck_ae3a763997f8f385,0.019865904624858963
ck_f7ff94c3df5ac874,0.011448128603308882
ck_f3c16d8f747db046,0.1278897469174631
ck_7ef019ed77276496,0.002883978385695025
ck_d6a4faadab58a3de,0.004187236589672303
ck_ba7b78d31d74c794,0.038227838767016034
ck_36287d063350ce9d,0.012156751818320865
ck_5177fc7137ff26ce,0.0016661687732248288
ck_dfd4e79aaa967b63,0.010255424860116335
ck_fb44d15fb93a7157,0.023540915872220538
ck_fca478361870a4ca,0.024682271639629497
ck_e57b94fe57341058,0.027558064682551734
ck_5448c946cc4758fe,0.011278741384393887
ck_c5ece5ffb8800ad4,0.013537616692078857
ck_11cb98211b2ed134,0.9366944924880222
ck_f655399ac75c4450,0.01733229022144397
ck_c817259019588d30,0.02657643473917831
ck_8740a14d8096c6e1,0.03210632988946236
ck_0c5ba86f4e05b38d,0.024245696597524846
ck_ccc917533d4b73d4,0.024674452604870854
ck_9eb80edfa43203de,0.028730201405774536
ck_d1a1cf4cf61d6801,0.03120962933411266
ck_b17c239f160e6017,0.007351993948995932
ck_410c3e13b48e0415,0.0018816610937801976
ck_ab553954435e8854,0.8801955035550946
ck_bdbb4230c91e1604,0.028935413328726883
ck_8fd4937eadd64fb6,0.00785393391597634
ck_e0e90b196bef3c11,0.0033459304742168012
ck_3dc4d464386f0eb2,0.29548687268472473
ck_51bbbf8f8e8ad005,0.99690000521707
ck_c05737ab74cf03c6,0.07400466610991356
ck_dceabbe04d99afc2,0.001592179944612195
ck_5b86fd14e85bc9c7,0.4901421671161985
ck_d4febf0083800424,0.06550450905422195
ck_77d9f86dcf251739,0.006228735939956095
ck_b4dcebc543deaafb,0.044225730611904206
ck_cb856e75c949b0cc,0.0005140376366151828
ck_61b067de8ffc1ca1,0.024931396883497794
ck_c0e8560ccfd9dd9d,0.00394299556754799
ck_173e1198c341087b,0.004629349994458502
ck_b4d55bc809000276,0.014449052656925782
ck_839bf139296b5cea,0.02199619323567365
ck_78cd402a2a4f2e35,0.00334927782580058
ck_c2925c50ebacbdba,0.007565882521075849
ck_5e3bc76eddbdb0a6,0.0053148405546482
ck_b7793edca26fc512,0.010914713534830965
ck_d79bdf04d6f31cd5,0.00665308655137261
ck_4b97d19ed946f503,0.013934154831945317
ck_37139b41c5370523,0.043742806108828344
ck_8c346eeefa9ce692,0.02011649280596125
ck_2ab7eddee2d8c49e,0.011133234309546436
ck_29da59ea3bffb9d8,0.13019819668370378
ck_c1d05ef0ec6e4be7,0.011493355247615774
ck_3882423b449f6291,0.9125416779083104
ck_5647030283171ed5,0.7739180473166897
ck_efbdcd9c181e72ca,0.012578199514110384
ck_192fdad892782daf,0.10938574946743654
ck_0bf2e13b9f2601ac,0.04487088400531858
ck_3d6046a533057795,0.047473444769131616
ck_279a1d3a3836e5cc,0.007058160566733719
ck_c375e929becde422,0.009035312943498908
ck_a59e90219939a1f0,0.004855489708194901
ck_4e9fba1ec54c3ff8,0.015593750284988689
ck_bcbd8588a13f5eef,0.002052955227423668
ck_5f9a7ff990341bdd,0.0032393542343477763
ck_e0403d507519b7d2,0.003647132258756501
ck_c9490cb61aff5112,0.012161505889746986
ck_41dd44308e6a665a,0.15243620632563495
ck_76c23726cd7ca947,0.011541730263906608
ck_9be551300209fa83,0.004528453318215016
ck_a98848eec6c9581e,0.03989312533454234
ck_61176dafb33b2d8a,0.7709672781709714
ck_92de019e05971ce3,0.007413429126261285
ck_5d644224135d7c65,0.012213882774975829
ck_c767fc454fa215d0,0.008111373070116586
ck_5df85a8924e11f27,0.02830920117079845
ck_da2729307af06ed5,0.039531433288478655
ck_7c6b577174af7a78,0.009469767112591196
ck_893b8afbe11301e1,0.0035250574872180244
ck_e06f6fed020ae014,0.008278450492720463
ck_386680372fb54857,0.007759997612079114
ck_7a7f3c4fe0c9d2ca,0.012405848118509356
ck_f908b527c4db422d,0.04195681437145925
ck_ec2eee6a133e9a6f,0.051713648020481465
ck_d98934f9fe0b02b3,0.005938777164548282
ck_398a1ed77b0130e5,0.007784785568145685
ck_d960af7a55b892b1,0.007969278598757285
ck_4637e54a9f79e2e7,0.002398852040426798
ck_02b9f418524f6650,0.01913600289167952
ck_d4b23804cebb045d,0.01514743646216575
ck_35b1939c48182a9a,0.009804065937577442
ck_2dcbb71e39d64305,0.0276744705570303
ck_47a884dec960ff2d,0.021416408163446164
ck_71fd8c346fde5cca,0.18007200952470356
ck_98e1992ac8e7d2de,0.06836280510324594
ck_ae7780327e210522,0.00988003819331846
ck_e6c584b4b1ad6d9d,0.011417844033537747
ck_344b2e326a6c3dcc,0.0033142254831612632
ck_9aa899a5230b0963,0.07007393415207495
ck_e48d14d5b70ef5aa,0.02020807021262906
ck_59d380a0973b3951,0.009496299147410766
ck_11318f7c041a5ba9,0.0046208289829054085
ck_7061786fe2f22f5a,0.02815987107045146
ck_e77529651c416cf7,0.007384790460138633
ck_7f79878197340435,0.00818522073471353
ck_b0a0fb0ee9ebf106,0.019133547387899377
ck_70c7679199776a90,0.03814215620214258
ck_b9facd2210daca5c,0.12664880015426
ck_9949f53c155b8dde,0.003996276795323723
ck_1c607e24f2c4397a,0.014888848587723446
ck_aefd1ce3ce093cbd,0.0008397383174911046
ck_5a29b7018e43280c,0.003635259525041398
ck_69eb0b2ccfbe5f95,0.022870778597622342
ck_fe037765aa465c58,0.059582313830066964
ck_5e512ef5362a3dd6,0.006421185272062555
ck_544a9e80b7fdc279,0.0029906572217526847
ck_7825494e654d5695,0.024834850661805973
ck_f1f2c3c623553f0d,0.001998393876005207
ck_52730906e5b461eb,0.8994116561217881
ck_01e0689157fe9617,0.06800503334745397
ck_9da82e567074da9d,0.03178043175311923
ck_6a17384072f904c0,0.025617362418101346
ck_8d84d771a21942a7,0.002371915269164481
ck_39638880292782a7,0.015552378444329966
ck_7d51c86e0eec72ac,0.012214218111811845
ck_45f4c821c70d134f,0.44592211807990734
ck_0af3c13ba56ce57c,0.0055662391986826916
ck_0789a05e061b2784,0.1522804315509527
ck_6ba091eb42ffa9fb,0.10425256436428355
ck_265accb3c5c32620,0.056765050580102346
ck_179039559ff7566c,0.020104856187681163
ck_17c0a6a92b5765cf,0.009998000197155714
ck_59371c9140239fd7,0.013563337721917153
ck_f9c4f8b4ce2691f0,0.016750175868263033
ck_a2637e4872cf4811,0.09767187169482922
ck_1de43fd6c6c22a5f,0.11466694134074246
ck_6e4f31bd108571f0,0.007192856352341515
ck_da06d97db0b18851,0.006737600108887399
ck_e0346d5081e640e8,0.0190983962309559
ck_c1c7d4e62c9fcded,0.08073051115212453
ck_2595669e421299f6,0.020210492997861405
ck_3b6057d51fd4c7d6,0.021726170560389963
ck_c5f8ab515840a0fe,0.014915489310862905
ck_435cb24538c6f77c,0.047588320455227456
ck_d84b5403da4cea7b,0.019420188672633648
ck_c2b61a98d1c8f6dd,0.7436227216458996
ck_c9dcd92b2f836b61,0.06725684082272387
ck_9eb5b3f5f672c2b1,0.002794402526816614
ck_e4cf189a8d31649a,0.004496520845498077
ck_6b114f2a48152b96,0.0035653795936728167
ck_3fb95862b70f505c,0.034859461617293454
ck_7f780f465c29398e,0.02542068015963822
ck_ee387f9da79e67ea,0.03537790164837597
ck_fa3b1e85d27af2ee,0.058633680053499705
ck_e739eaaa7a1822f2,0.049748157365552485
ck_dfa0ac11fcb1dabd,0.0044030634376193145
ck_6e8751b571ea54d1,0.018754427990324736
ck_2d695f8358383092,0.021913312627762114
ck_e7dce27edb700f27,0.007384698732352878
ck_e322da8b213eab52,0.010114744017230481
ck_d0b32e039abb8200,0.0036363173649703105
ck_b354003302b272ca,0.006908847261960738
ck_f7485cba392bc294,0.37782119033696876
ck_d6a290ff8362c7b9,0.08717450968314233
ck_c56a44fe315c0389,0.0120077815548686
ck_f77dfe6512eae322,0.04108626777122329
ck_35fe969c58b9e70b,0.05873220596546667
ck_4c518637db2322d5,0.1272982724066465
ck_cb61902798ecc4fd,0.06488171516774723
ck_56e6cfa32156a916,0.005117846905166279
ck_343e6ed2b9d35c01,0.008261436210584314
ck_51440f64f7250ad7,0.05892884569210267
ck_295bca29c34cfe2e,0.045884294052308934
ck_dd30558576b45e7b,0.010109040795875237
ck_3a30132a57181fe3,0.06716112984427249
ck_4a733aeb833406f4,0.008668457787018363
ck_1b0b7c3d35ab1259,0.029071460332639902
ck_962c3bbf27cd4b80,0.04531994605195022
ck_9528e1d6b1707870,0.02422161254801619
ck_b3263e7f31aab45f,0.025616715328530604
ck_e69195a3c885053d,0.002476050782169601
ck_a907fa8795cd4baf,0.002969889899004921
ck_205c3405045bd835,0.00866769420851402
ck_e81fc223bed3c46a,0.028222988426750844
ck_363751deae40edfb,0.06859179067414113
ck_6176baea8cbebbb6,0.005239979822747895
ck_633e6579f5c74a5c,0.8781610879624538
ck_ddc11fc481eef58d,0.01702560558354751
ck_e975002c979e12c7,0.04474326630166403
ck_8e039b23acaaac00,0.05095470689610016
ck_1d6990d94a4d2ad6,0.0036193859093829007
ck_e7b583acaa3171a2,0.02402044079072859
ck_c0133f60d39b2fb5,0.029362563067465722
ck_7d6bff85e7a694bc,0.01087125436574418
ck_d305b4d82f63f647,0.003382579077591706
ck_22bd0fc71f95e048,0.02964169897259008
ck_9a65fcfc7916f93f,0.0014442951241562239
ck_d61c837b0106085a,0.04813746463731877
ck_be86a1db08dea456,0.021579667632795976
ck_90489c405e6886d8,0.005412246566168264
ck_0add2c321d579d75,0.01935837826523059
ck_482dea6eed92cbbc,0.025563300557331522
ck_c24b47184534cc2c,0.9922968308732365
ck_fa04ac31e596e7d6,0.023349581026697624
ck_084322dc5a3a86f0,0.01541305277349385
ck_ccb72a33cc1877b7,0.018160662457762614
ck_afaf374009d3b248,0.006908024334165882
ck_b53084ffede19a8e,0.0025325970018679114
ck_4760216154c8cac2,0.566354264597219
ck_37ad3a65db673e70,0.005587542346080084
ck_0c2932cc0d553694,0.01594236664981177
ck_86b853c52f20fef5,0.010200029320374645
ck_38703b7546d35a80,0.01830000816793298
ck_218b7e6e6dbd2da0,0.0017621667330466734
ck_402db4184982fdf5,0.03399515711985154
ck_f917c82af80e4a79,0.08034453125818229
ck_3c6417a233c68c73,0.06488338920185772
ck_98068c397d70dd3a,0.01822580663140712
ck_b1cbd6679c0f8d95,0.004995001541896591
ck_9e962f9bb0e7bac2,0.013157560731246689
ck_b08247c3ad567d92,0.374538735245409
ck_3ef7a03ebb81cfe3,0.004172469476317549
ck_5d7ae0e3562e99bf,0.16343718929979117
ck_c91a628236baf91b,0.039410231813299106
ck_7f8e816ca51755e3,0.8767395986079463
ck_5aadd286d188f5c3,0.0051308722346389245
ck_a037aff5f8128c73,0.006022002356802627
ck_5df6529ce8290906,0.004328998840393643
ck_5f3609511443e5a8,0.0047763037223133705
ck_a6f61864fac3c8fb,0.011658222874202363
ck_2733fc6ba23ae46e,0.03372349223821937
ck_22bfb9246646eb41,0.7494502285287493
ck_bfc2a57d8fd1610c,0.3062516041072443
ck_49839e761d0e74e9,0.01675669552702008
ck_aa4ba931dd37481d,0.004126952284256002
ck_2f9fa0d61829f815,0.008415370976746439
ck_5b82c774df10d49b,0.003906900250914858
ck_411219470d0a195c,0.012132404985614052
ck_d07485ba10514a2d,0.18755933409712142
ck_219bef979ee21bdf,0.004260769962496916
ck_eb1006e7285184a6,0.013287039369722543
ck_fd242b18575e3063,0.11645015359674667
ck_95188150ff059c70,0.03941858471659776
ck_a9ca2f447b984a6a,0.007708549627637459
ck_2dd39723c4088b64,0.01285339372330955
ck_aa2b4c662ff213b6,0.050467442009425045
ck_1867b1199c864db5,0.08854728816894564
ck_850ec97a5a0dab9a,0.030280643393843426
ck_562320295fa35875,0.008822445027319
ck_bab5759b07fe2bea,0.0071683487696522444
ck_b9f1465d803e57b2,0.07599279402104175
ck_8f21f2690c32c691,0.050434103242719144
ck_df87d6f61a63eb21,0.052316502550936256
ck_770475876d0e7e6a,0.01331142212192856
ck_b4c014d5c0cc9eb2,0.00311637921651664
ck_3add4d23124c9290,0.0031545051415556033
ck_bce5b7fecfb6264d,0.030281538413122595
ck_604c17cb97dc89be,0.0353534392424804
ck_e52cbcd9aafd26b2,0.008531057202476853
ck_0ac9114076f5bf3d,0.01049102947716662
ck_dcc125b178b79566,0.002055611302359559
ck_4e333c09f0c37dee,0.025924330222841224
ck_ff7e31ff8ba731e5,0.007376746022421656
ck_8d0532d24f1070d1,0.0010114793600458165
ck_3689fa41748a6f6b,0.07076289395957473
ck_7509eb97c1948b16,0.01692322247402386
ck_a9161cf1ca22a6bf,0.009289642550587018
ck_bed3e3db135b782e,0.011864254816997844
ck_9040edd974ef8e3f,0.5681371177510914
ck_fac32d76ed40f683,0.015642476038523177
ck_3d7b1078e2d57c69,0.005718878345097471
ck_dae09c4e074af5dd,0.03844792789883331
ck_fd84507228467b40,0.07081722776312095
ck_e2a2ce9b8cf44c63,0.01613036818683009
ck_cbe716f351d660d4,0.013443689012570545
ck_cba4162ef29a6d27,0.009666807547563674
ck_4f1e962ff8a29732,0.006164601087253038
ck_39a81899dded61e4,0.003509108064145462
ck_25382331551d22a5,0.048203795295694477
ck_6d64e1c07b19856e,0.014522111406827909
ck_165a868bdef28ad3,0.05374709544799772
ck_88774ae52e30e877,0.021100866098646587
ck_fc7a9d0643570053,0.005072443113128068
ck_c2017120b3b88a46,0.03775127137330382
ck_d115ac6b9fd62a7e,0.011247045198164536
ck_439cf7d51ec7de0f,0.016476702230330542
ck_2468a7e9e68a0927,0.011138970082872495
ck_7c418947124dee8f,0.05532754835414036
ck_fb0cf32c4a56f740,0.03827255966157751
ck_694eb6c43193afd4,0.03534675541079519
ck_993beb188dd4abb6,0.0373872966489719
ck_77fa39d3b733c226,0.12068805247695934
ck_49969a9abc47cb69,0.024123540545377863
ck_d3f44bbe2f7e9b2d,0.026083186283362935
ck_fcf5b8216d0c18ef,0.012905240478649459
ck_daefe1e2d2bc362d,0.006223362378286058
ck_9c9287cb28950eb6,0.05874926860559065
ck_c1d1a625b885a975,0.039012271082295796
ck_71b37fe47490b4ba,0.006149575959048327
ck_5d16e257c0635f7e,0.14124834484143547
ck_15918075563eb074,0.0010027826732470894
ck_9a15fdefc47e8d11,0.027419003935942696
ck_6f04d047d1dde75e,0.0011507784420232614
ck_1af2c0b3b8d202c1,0.004371737760761183
ck_174be2231c5fd2b6,0.0034140420313159645
ck_bb0713a2a1d65982,0.02159520359751946
ck_0daec63bd5b0729d,0.02354166367641711
ck_c0b5cc3e8ad2ff44,0.08346185098827592
ck_35bee1fc12664644,0.17885470942591633
ck_a1c7cf63467df4c2,0.0028538870807424317
ck_ecb1e15f0b185ceb,0.03613148840115249
ck_f280d31f54a4710a,0.02468310043475524
ck_30f4b2ee8abe1342,0.09402296551997322
ck_66bed631354de5b7,0.003988331506252769
ck_c2d3ecd7278eba2c,0.0031348731569789305
ck_e901dec0e09eccbb,0.0030315381726349136
ck_5d038ecb3c8748a3,0.005791070747377687
ck_283c5bea94b21e80,0.003456342362931124
ck_7956c251b85f009e,0.7086439915888945
ck_9f5f81d771146aa1,0.0009182042290095932
ck_9323e6fc1e168eda,0.78298144724902
ck_10495d3a635b8d69,0.028030083558374434
ck_1982d571cd36eb0c,0.007430584425345659
ck_4f5d7985bcc2eda4,0.005837134584514552
ck_7df526b2b4410bb4,0.02129346925182828
ck_dbb498b1a346a402,0.005202418935586037
ck_ef059997563e3330,0.008965684466404578
ck_02ec4e06709e6b82,0.009193983422861002
ck_9782c86ba6485f88,0.0027781194407423054
ck_d69de468b44143ca,0.007184928776204085
ck_6430a8792f400e0a,0.009567582865249266
ck_8285bd3c90af94f6,0.004539122569986544
ck_985c9ca112000e9a,0.05861842264337453
ck_e679fbf4f4f4aa07,0.025164484937700297
ck_016e8c8eaf9d511b,0.053551277283819344
ck_bc996c523944644b,0.029795833272561932
ck_5b8315726f6204e0,0.020387983989828176
ck_78181f8e998e442f,0.004904850830930197
ck_71c68dfd011dbbbe,0.7179122295815481
ck_db32c95ce2b6f502,0.844944323838008
ck_755010362a9b1bc4,0.005041395728034841
ck_114141d85256c9ff,0.0019530758142320714
ck_9d1a5cf5a3b87e48,0.010673165559439642
ck_ab640420858ab5c4,0.11953488693508434
ck_97a8dac48dd62488,0.16329748809313968
ck_879cc3166fe1bada,0.009100329761790966
ck_b0ed11080076e381,0.008865216755791782
ck_7334a9ec656263b2,0.01631831393264257
ck_6494f0ef13ce44d9,0.00908508063294817
ck_724e459b9ece38f4,0.04967069453786243
ck_7fd8b1470401695f,0.45325748850063396
ck_292f81186358b0fa,0.011063851142597926
ck_fa7de64d37287615,0.01913185286913159
ck_d00e09e66ed6458b,0.11528937775471075
ck_b8d210e741be186e,0.003479292118535979
ck_3db59982cbae4410,0.015166684085764727
ck_69887d0a9aaca6df,0.0019202181217665196
ck_4feb21e2fb0b3977,0.007672783484970432
ck_08c6cc1e143475e3,0.019498762440319454
ck_fe6e168cdbb46b9a,0.13304193038178963
ck_07f1734be7fac56a,0.04436165448067205
ck_d66d59981307db93,0.03405371014655796
ck_f928dba0d587d7c1,0.0026431890007987398
ck_786448fe3004cbd0,0.0032676911556683585
ck_29ea329fa40ace62,0.009970787061430151
ck_7ea52b6f27edcb73,0.03576296330448599
ck_18bc51bbf3ef198e,0.03833736505374892
ck_44950df09ff14ded,0.003270226984854832
ck_c1466b52c0a10b93,0.026711766904329838
ck_6cdac067cc4db5c5,0.04015204111833981
ck_53f55c6e8cf2d432,0.001912668974650776
ck_95945f48453ca532,0.04423701662549166
ck_87cce4126e215153,0.014796655794528669
ck_1ecd5516c92caa4f,0.0012865252327174269
ck_819b482bca14c068,0.23734119035009524
ck_a61a879dd46fc9f2,0.007741572775237531
ck_af70aa32c009c3c9,0.010944291748044281
ck_f4fe78e249092ab1,0.021309084344576946
ck_12c46bc52bf45b36,0.019525326206345926
ck_f05f5e4b40afa52f,0.024929396322427567
ck_0f8cb09d3f4fc980,0.05278306854371747
ck_80a64a7f0275a71d,0.014332530141253333
ck_683af7b1540a0b22,0.07142432011207511
ck_51fe0b613c076cbe,0.014996924897919248
ck_da1a2450219dcf19,0.025203874395861636
ck_2a7eba01ceba6c2c,0.009685331621893311
ck_4e329e29dfa743ea,0.26451634155010545
ck_0274d881d6db82c8,0.0041491342214314796
ck_0af5b7d128035b35,0.008606434133264795
ck_ae0a7be6b0a0ea68,0.018312683424620196
ck_de5bb7a4d091386d,0.19619808318488796
ck_2bb7c17168a9d17d,0.027915217320316984
ck_0ffdff7b2f5fdfe4,0.004161756013234409
ck_718a8390b3d42d7d,0.007976439478442872
ck_7c4f12d70f184533,0.0018462284184052808
ck_d3e2c26b8adff099,0.024614901526374015
ck_ac9d3d9754104cf0,0.00506865974863358
ck_3b1766a1d51f8f0e,0.08504486064340884
ck_a9bf75bea912027b,0.06110512724801685
ck_687eab3ffe1f8cfa,0.01580453796764737
ck_25dd0b02af5b2f37,0.04213182305311897
ck_1747fcc466f0ae38,0.0035793732374798264
ck_f6e9d14dfb6f3c28,0.03786388132972512
ck_c6a7bbd0adc4d5f3,0.038284099856854534
ck_46656a23f4456d22,0.3935002105627782
ck_7519260415c2998e,0.00688191427575359
ck_754f30ea19df857c,0.026955358437414388
ck_ba88a244d5f7380f,0.01832354252993483
ck_f268416945316815,0.007259805690837895
ck_21860dd2159dff28,0.0036442905162869
ck_7a86ef4e2beaec38,0.0032758802569487736
ck_0414507baeea936a,0.012718250819755427
ck_60796eb60fc3043e,0.0033148738569371396
ck_1e0841ed17fe0562,0.015847616202537104
ck_0d641d32658d6e0f,0.007738200772337188
ck_b36086ae6d87eec1,0.007367181756514467
ck_962e65ab33b5c311,0.8474824287594674
ck_b046a42684468e63,0.008351227928826244
ck_ab3426435b0017d6,0.026597168864596826
ck_fcfe06e44d09a344,0.03549611590941556
ck_0f6d916c92189516,0.013026941631205768
ck_d4c8f0d957c3965d,0.0362222817193126
ck_2ca83dbd728af019,0.00730661374584359
ck_2857a4ce9f72fbfa,0.0016311430410663958
ck_a60e6edc48e3d0ac,0.37498198133729377
ck_0cbd3b27063d4415,0.08583377346618871
ck_612089ec90c37219,0.028529278592092963
ck_ec4e597f17f473c6,0.007258026548139044
ck_1c93cc58f314bf71,0.059513287406458115
ck_2b359a979520276e,0.008291616554502742
ck_1496568ddc3b2d56,0.014829201144041595
ck_41d91dc9f5063566,0.022145005635714986
ck_4c5ff58afe3d7a67,0.006070930097406613
ck_81709736281fa3eb,0.002180349845504289
ck_d89abbab3d4957aa,0.01498763798140644
ck_52453401f88935da,0.010107428616084454
ck_a477654d34783e06,0.0022549413925832657
ck_72dd0dbdf808cb00,0.020408797315923766
ck_c183dff3781746cb,0.09172694195186137
ck_c8b7f241810b45e5,0.0009488064671425013
ck_f88028c3f306bc70,0.01840017185382364
ck_91d48d69e4f5d9c2,0.004987910916882792
ck_b74b9ba6d7c9aab7,0.06568294415173778
ck_03e904682dc73bba,0.008023922335227949
ck_fc6fed6ea96a004a,0.012606964770548741
ck_51efdd240e34c642,0.03730723142422359
ck_e78ab4ff52b5fd2d,0.01721250099144647
ck_4af7b97c24d89a45,0.04675374072512894
ck_295c0072eca7f7a2,0.02446660278925515
ck_8abd1a50a9227463,0.024938668023471933
ck_ecaa6f13304e3dc5,0.0037332613914804183
ck_de436e7b319be1fa,0.9935983551122366
ck_c802cf8f61466027,0.011994642154314915
ck_3d83e0a3c1cfbf8b,0.017810891558282468
ck_28d2003c2d16e4b6,0.0017267130931770897
ck_8ddaf745bbb9cd62,0.00185047493252304
ck_493b6256091014cd,0.020897762666202194
ck_a2245822cfea997d,0.002436492126392041
ck_f7305b3c64cf8a03,0.08285985821307254
ck_9937dad93a0ed3c1,0.015193753431383647
ck_d654449f9231ad76,0.0038130075211956207
ck_850e2b59bc535490,0.02152046222237039
ck_e55e5bdfc0242aef,0.04521540736415046
ck_d35c51e981b98c5c,0.007958633076031278
ck_27cdf9c5e6f0915b,0.022762343466472938
ck_d328db1e1052d820,0.03699371373360361
ck_0ea30eff5f361cba,0.009309495520548683
ck_9994323f97109f4b,0.9796768502909949
ck_09054e97bdf9624e,0.0019142974335865795
ck_723b4afc388113c8,0.006372939283467529
ck_588f6e6a6a6d93e8,0.0174794555199016
ck_e1d563fab4d6116a,0.024402859623504983
ck_53aca610e20598bc,0.01211887133949866
ck_c8131ddc7ed33448,0.010223381902926924
ck_899f88464305824a,0.02501412489946263
ck_1c17c65804f8889e,0.01636940008012887
ck_45a16ce12893cf9b,0.01724213095573072
ck_f9d481aa4f9b2808,0.26395343311891606
ck_1d5d74169cf892ef,0.01643370219048611
ck_aba32acb61c1aaca,0.04143619563584868
ck_ec4dd3675a8d28cc,0.011840762308185534
ck_5dcd443fe0bbdeac,0.0058920760722446855
ck_3a47e3f54475e854,0.004333292798291914
ck_a9aa5c344c315532,0.020585328613152494
ck_9652283c9f61fcec,0.0016747407300111788
ck_752dd3d2487f78ea,0.018175343480739688
ck_a821980ac4db9943,0.22911331385134454
ck_93e0d6befb67f7a1,0.029576722770488815
ck_e7a3881c3e36bd51,0.378182113625272
ck_12631b78f8a03df2,0.003844706449974653
ck_57b8226610b48854,0.015552641971209773
ck_352657008983fd4b,0.0855312849955782
ck_0841a5c24fd3dd28,0.022249397181457888
ck_db9b9d5d30f74070,0.29993219125164194
ck_a9dded7f6294e44f,0.025644790125152948
ck_91a16336ce3217dc,0.018482703879395945
ck_371bd9388b287677,0.001485151289497796
ck_f285e5e1912a7c62,0.0018653118366089851
ck_368b65fca69fc415,0.028524386451900197
ck_d27a73596b6500c2,0.02663126082868914
ck_2d963f9b2c4d11e1,0.037991361938350836
ck_7c500e219af39486,0.006384243891534316
ck_7d025dea5951cba7,0.0070453624022346045
ck_32f632706608859e,0.013784448766255248
ck_53816231f3ffb48d,0.005122053715833472
ck_9dbe184e81c1ca8d,0.07498528006412375
ck_d74123617f22a21e,0.008572937667312474
ck_275386782b1606f8,0.0023869536783722176
ck_0b0e79d33e50cba5,0.003959828654951534
ck_ba93cb604f792915,0.02714260666588394
ck_a86cd653472eccbc,0.012979065324670797
ck_87771861e0447210,0.07090064412013809
ck_212380e0371d8a6d,0.011132626935084496
ck_ef0d702d7b0ed745,0.0035965928955800685
ck_2b8f33e22f939372,0.7920814131048224
ck_480347ad92037105,0.016214943752224008
ck_20124c3a16c53ce4,0.015389686831690385
ck_c9e1e3229baae708,0.007506721788008959
ck_b1befe967f7a5ebf,0.035065437251319116
ck_4672167d7c989bbf,0.04051684115301154
ck_f0c44ee5e3a42e3d,0.04107471883305645
ck_c416357d20238a4e,0.017377328843941504
ck_d0f470f8078c91df,0.019035385990887208
ck_3a70b4ee59084715,0.008062476328075295
ck_179ed66cdfc1ce27,0.008569066698155015
ck_387e5a7f163c7837,0.02330115382198699
ck_08fb463e69f647c8,0.9844607999522245
ck_732f725747393ec8,0.030037867110646103
ck_7cc5e0fa3ca5a713,0.018821607108790547
ck_ad4a4daa826ac68b,0.011303546268581346
ck_472e0be7a3b533bb,0.028222806091824447
ck_7190177963eafdd9,0.012157837844223187
ck_647ac26c5900f082,0.007521514347721829
ck_272ae2179bbd8e58,0.010508893051543957
ck_09b0d8af304646bd,0.0040017476785154035
ck_ca0cc8ea9f344408,0.004696074556830825
ck_332ad134fb909869,0.012926079111874612
ck_fca2798914627dc8,0.05493076987812435
ck_4450b55f462ae134,0.008734653348425051
ck_d67d9dfb60b286b9,0.002313418490832974
ck_a9d2bb4f2bde7052,0.00677742259526036
ck_929bcae878a3ecb3,0.4031883321458382
ck_59a9e000fa275e1f,0.032857419520749616
ck_57f17254e2688637,0.0275000266146278
ck_0508908697f60ce3,0.19772392055528346
ck_946afc2943298d26,0.002490671603148693
ck_7176d12b18f2cc0e,0.01778486439867037
ck_5c47b49c26cce286,0.03481380239750169
ck_b6a2bdb2d335e1d0,0.9926666312093269
ck_1d58f6caaa4d012c,0.024367056673129068
ck_71c917295020ccc7,0.005828859888268437
ck_bc89644ae3688995,0.0359740785065695
ck_e7c212f16d6df272,0.010660994624243345
ck_c6d2e11a368184e6,0.008872859252605463
ck_eed7f1f7548df15b,0.018178086272912432
ck_75b69034000ca7bb,0.05285394130443716
ck_38da3bf629458682,0.010204432410578631
ck_90114c891239d821,0.003614829114176364
ck_8ee08f6777cc155b,0.014232613349537467
ck_bd86132499defcd0,0.010568410531121671
ck_b95fbf2b5640aa82,0.01195962329262851
ck_c530235393360e3b,0.015364088285118592
ck_be52a7ec43241ba4,0.05391664542224088
ck_d96eb3cc55f2772f,0.008061974418810177
ck_dd34f0a844fb115d,0.11465742483498975
ck_17cc7b411f448e66,0.14004676421469267
ck_856ea65fa27d06dd,0.015551881553900422
ck_056d5f0301c30902,0.0474596696815736
ck_e662b14b2bab23a2,0.06184561803119377
ck_209f574c8d92274e,0.02237677693650259
ck_62720b81617896cc,0.008881607089763897
ck_041614694b77e599,0.011770048903577026
ck_461e3f7b97db8d16,0.02245747538029939
ck_1b74b798eebeabdc,0.017462313378726012
ck_0ed2739384f1d644,0.011039200989253333
ck_5a4d19f1b83feeb8,0.005028364012750704
ck_463937167965a1f8,0.026063154752759145
ck_9d7151dbdf100e0e,0.03105254090484201
ck_20a7d1ce6cc27312,0.00483581805465228
ck_6031211ff118cf0f,0.00927144780875839
ck_a6fc92aa91e99b77,0.9076482989201012
ck_0aaaa9d2f75a0518,0.03372225032345528
ck_ec26e327cc1848b2,0.01267112673863159
ck_0e6bebf8ae9b9b03,0.014890072242292315
ck_e107537a4cb738f4,0.009536849342445789
ck_e8ea56e122a5a487,0.01817043318006505
ck_98149ed45d38c4d3,0.05304490554117505
ck_0e719b3a6906b8f1,0.0016149309781543556
ck_0c6e7bd357e4a348,0.007774916709364112
ck_d3b2b250da61db19,0.8743133736219005
ck_8bb6b0a292754576,0.14651466483520784
ck_87d70f5fe48a6128,0.0221015280457343
ck_ea9edf9c107d429f,0.030621765373398134
ck_059806c52cebe4f1,0.12464236594899898
ck_a72d6df666e1c21c,0.006345638441024429
ck_1d2b80ab6c4944b9,0.006440973144685424
ck_60557f077abc42ca,0.08655020408423492
ck_e5f5cb7dd6ce4a37,0.03065753358381187
ck_4c4a939154446053,0.0013944671167030937
ck_50ede3eb561a202c,0.014125638714059856
ck_6d03a542922b2ae8,0.011957445551173417
ck_d6fe761ed0db3270,0.038149078022534456
ck_7f0cd6ea3096f985,0.04040105405867791
ck_23edb6d938a3b87b,0.009973664533817405
ck_799aaf9f2b9ef621,0.007626520080283967
ck_f8f6a03613b6dda8,0.007971653247787168
ck_7cffb189f4f514ec,0.9522655469080122
ck_c081e1967dcd811f,0.018446696255029732
ck_583d6ca78c97d91e,0.41520509856592164
ck_9332bbc7125219a7,0.007903184227746602
ck_956b5af6d7d86c65,0.8793596152919959
ck_2d634e3f24681c0f,0.0446876473510943
ck_7b35d218ed0c5a60,0.007839025790768693
ck_ca5b1057f8248f73,0.01591806428664862
ck_ec5ea81cf813597c,0.005456577541699234
ck_eaebaf4d28400fb8,0.022414938394247165
ck_ae2ab6be219219aa,0.004660665465380633
ck_d99a8b4c820eb46b,0.011067580238872532
ck_bcfb7ffb7cd428bd,0.013988532795097116
ck_3dd542c2d31be2c0,0.010936135745563118
ck_c7dd84401e29a7fc,0.009723704621358353
ck_c4bcc7cefd40f8e2,0.002433763731686873
ck_c251898b5d51e3b0,0.00558088039684585
ck_36d37be780c1291c,0.0030413381463141255
ck_99b4f266b61ae7ee,0.01772157463121277
ck_c37f03995f0f0169,0.0034764229766713534
ck_65a23ac8e44eb901,0.003878166339032173
ck_644b1c1149eea9e0,0.018734305698202867
ck_9cf44eb0237c2429,0.010550677537278293
ck_20541686a94fb71c,0.03793118226772616
ck_c18245be844680f3,0.006429711536586006
ck_56de216eda6b7fa6,0.0016408688267272773
ck_406c4442dee45cd1,0.0021888321914364487
ck_df1585c7d72a96e0,0.002615322373788292
ck_b8e8dba20676d87b,0.036819091120470146
ck_0ee6965e68efc177,0.012423109930523252
ck_c2a5c54ad8d0d297,0.010998252228307193
ck_bf6fb7e6470e95cb,0.001591213178883098
ck_27fa694569140345,0.0011198068079498829
ck_e04166b0ce66393a,0.005340891365858429
ck_8742114f4f0cb22c,0.11393819743027696
ck_6eceeafd56b42576,0.09157827148261158
ck_34f9951b0eca1965,0.017437456951386945
ck_384ccecd342a24ad,0.0027795652444182486
ck_49c98bebd1338879,0.0025113139764876293
ck_6c26c12071c91ff6,0.005237845172056
ck_01e5986ebb9a78f1,0.0295109533668527
ck_121db7ba3be29ee8,0.017054377236050317
ck_039e6d5a330cea1a,0.1178107300691222
ck_ae8c9163cf957d7e,0.03620682959959745
ck_3f5e8f3f1df0c8c7,0.0820875823982374
ck_b1c51fdafcd80122,0.023663580590949442
ck_12e2b5ebfe8986b2,0.005718889876234225
ck_d55eb81a4d543c59,0.009759043989440599
ck_f85155ca5c312c7b,0.010459086897470672
ck_133d8a1ac7c0e301,0.9917217422737508
ck_04212a9bb9b28696,0.9909205848027276
ck_4cc11c7d3ca61f73,0.021876586470571478
ck_2df4854186ec515b,0.022084160175560676
ck_aa9b28e7fc43af79,0.6577605532774021
ck_47cad6c3def4c9e4,0.0029957923005312008
ck_fbff7b5da8111567,0.010183615854648045
ck_bd25ea782e375b22,0.026409503336847603
ck_7989376f8cf64a9d,0.017782004274831113
ck_675c0ca1ebb1051c,0.0054529710482223125
ck_1436f6e11d4008f9,0.016967301003302206
ck_812cb3a4482cc618,0.008941299246185202
ck_6e606f73a1094afd,0.01610161295723274
ck_1b708e2a4a0584dd,0.015804391121106435
ck_a60d6b324bae0330,0.027949700495111186
ck_706a4f673a9fda3b,0.48082793139250457
ck_a75ece9a9044eed0,0.005646409376141232
ck_9aa45c4e03c8c57a,0.037393651052196455
ck_9fe9bdce982b312c,0.028126091427750195
ck_c6fbdc5ba68a8466,0.014466433899031792
ck_ed0cc1b1c28f9511,0.03533757656992718
ck_a4e2607b4c8021e8,0.0012578911845800165
ck_e02f93f51cc8caf3,0.004536641324436977
ck_7084ed3cf20781b7,0.028807510303363745
ck_cd4c63155570d6ea,0.006763938630348514
ck_d1b9e5d32d2d789f,0.003294583096809904
ck_68f56f6560a7a933,0.0031647689798840247
ck_8bedacc6233c6269,0.015064213128510506
ck_ab7cb50407d6b13e,0.006806222837294283
ck_f17ed7e0fd687742,0.04597715203125266
ck_b0fe4b92fc70f72c,0.0028580439811588454
ck_84d62b8196da2452,0.015174087702634655
ck_9e298cae167f4693,0.002392062355119017
ck_405b20ef9ad0ba5f,0.2564235542941885
ck_813e02e1ababd177,0.023332991999234692
ck_f234ab47061ba7c0,0.001211646236300466
ck_22b587c18363899a,0.012370203203125311
ck_4e862c2f48c38aeb,0.007189346433482285
ck_b89cb90a420c9075,0.010512604132505468
ck_be2251640f27a3c9,0.0756686575688622
ck_46bec0bff167ed3f,0.03859869539957296
ck_c0032232c2868328,0.006407116825924696
ck_030cf09525dba4ba,0.008658396483099897
ck_6ecf56236789fc09,0.9138826661994952
ck_38d4ed52cbe6d123,0.030402954923140983
ck_2d923d957ffd4d53,0.01630949358536695
ck_3af1eb88728ed8c7,0.029790686220072443
ck_2f8120ca80a1592c,0.006305439854403907
ck_6cabb1a133f0b151,0.020414739929091052
ck_bb6cf7e7b707731d,0.8617623969529166
ck_c8307fecafa90140,0.02509225279140575
ck_75f968be67f46d24,0.015143013858722805
ck_df6fe4ec5a233213,0.011005474306266642
ck_b53e88c0e927d896,0.0015950667254953541
ck_f0093064aa28f4d0,0.029395224029243727
ck_ec9976cabc63ff92,0.008831826336020377
ck_30dac0a58c5590cb,0.05309832796387845
ck_348a525791ae6475,0.0398197196659055
ck_b898d912d1181ef9,0.011796629811315566
ck_f5b1200dc6f95760,0.03584301013409035
ck_54978a073e7a0b1a,0.014529106438387685
ck_55933936536a4071,0.012535230295949284
ck_d6ba7ffd2ae08863,0.023075592659439675
ck_404e2217fd87fdd2,0.004220927648558939
ck_dfaafdaefa5716b6,0.04243775339843765
ck_556c62e92d4e7e5b,0.06356777162698983
ck_7ce44f4e06d58111,0.058650630645813814
ck_465cb8ce232c7670,0.01310534709520298
ck_237508ca4fb37268,0.051198194776521044
ck_ba4a6b9aa63964ef,0.026306403272373907
ck_4802a0a7a1882c88,0.1443340590786304
ck_9478dfe4114c30f6,0.011780472415922666
ck_5138f6c575dec64c,0.020485593069662494
ck_aebb42afe430e2e9,0.006640920791701798
ck_004efa95555437e9,0.007027102436833612
ck_11af112667c98394,0.009617655477212508
ck_44e9a18a8645c9d3,0.0036995010776596947
ck_2605fd571219e28d,0.001284167591011634
ck_dfc933493561d84f,0.007160259581752667
ck_67674348e68d1f25,0.015055937006308726
ck_dd97429277a2fa00,0.17824560726477084
ck_d3eab7a06eb48348,0.04199529956942332
ck_0b9fcff9667ec05a,0.010606055615211675
ck_fc4bfd6e739bddea,0.00499703514941129
ck_43292f70a03ddf2b,0.020850841079439582
ck_5ff6108056a3fef5,0.012817387812965514
ck_767e0be086b5f601,0.04108432299938672
ck_b8465b1a5666155b,0.016865509369297274
ck_ab2e3fc56f5b3aae,0.0038915664271984103
ck_1833c81d693c1e07,0.9484093885515799
ck_0308e0602b856445,0.003824633296371069
ck_ccbdfe744acff8bb,0.013977990859555478
ck_b294aa27a0b586d7,0.0021793922661987263
ck_a3747201f377626d,0.9745039065753002
ck_edde1d7d1db24725,0.03964986551841573
ck_ae3b47d6e1063704,0.008649116054021444
ck_3aabf5e0f4defb41,0.012264732438701118
ck_f034adb57391f3d7,0.07846120902085761
ck_533672fb40531607,0.07905527360681774
ck_2a244f1ae08ef83c,0.04814950919623555
ck_a35d81bcc54ece2f,0.02133227842912262
ck_78a61215675b38f0,0.015240335873267676
ck_e013d88ea7939616,0.017018110976634197
ck_e5018f9418e0102e,0.030850562303350853
ck_d4e024fcda401a31,0.004832908201221403
ck_f736cffbdb82db34,0.0011133562258812933
ck_1507f5aa50cdf3a0,0.010414049828111333
ck_18270fee7c8fcee8,0.009845355014501917
ck_95ffa1a805a1c9d1,0.0035594939195901757
ck_11132d245b94d045,0.0035687943885190747
ck_7b93a622e40d8b14,0.02616541074780958
ck_3854c08d17704347,0.021873664822898434
ck_7717fcb100dc4b5f,0.029848252954888924
ck_ba54e0a1c328119b,0.3915161750611908
ck_a7afdac4ecbf2de4,0.4867668218782682
ck_ecfb771ed2352085,0.006235873879562924
ck_68be4fefc85a6b64,0.16141620845408527
ck_dac7c50bd6d0148f,0.10237136386401001
ck_87cf36a03bd63c24,0.06392448988902867
ck_8adb40b168b59d7c,0.02461639937567312
ck_8d2f62930777416b,0.041313882622068414
ck_9958b58da9e3c21c,0.015628967547896326
ck_9440335375701f44,0.01519292727065036
ck_e2f88e202b6f700a,0.023983641378021173
ck_4c7c50684827a2cf,0.015004955897950895
ck_8a6ea4a79b1c7a8e,0.006597847380436056
ck_186dbff4b24a3bbf,0.08813767269177972
ck_220fda3c11c59b6c,0.08633819316229147
ck_3acccc69f8b1fd14,0.051923325171017005
ck_9de191bf79afd676,0.013554842202964398
ck_6de6b1663f9457f4,0.0017778574190529845
ck_062754f8b79b86e5,0.004372364708305735
ck_aa153a89a52f7eb5,0.019091082563430013
ck_34a6bd3be642f15c,0.026024033861537673
ck_9371c700d9830326,0.03195903800370854
ck_a99e0c258ad7576b,0.009987866017152696
ck_0a7ba51d626e932a,0.017873918231214883
ck_852c50bbba1ead13,0.07198868530381017
ck_43dc13b6b6d31297,0.14041079516128271
ck_7d81b59d615a6649,0.04944992672320026
ck_39a3f1da060e88bf,0.006651651830734531
ck_6fb2d142c09ed3ed,0.027635900328971934
ck_6e5752b87324b58c,0.04081058860345611
ck_9441d48a12e8a4bf,0.04843477427177114
ck_09e9c51eb538b255,0.047689719905840616
ck_8d0cd981ed3a183a,0.021601943271243648
ck_57c07c45269ca8c0,0.007023543259086194
ck_ccfc9ab888ba933d,0.0472591915886628
ck_9658a6ef471053f0,0.007140537727866878
ck_dac3852758f4ea89,0.003488358047413311
ck_b1ed2278f5f14d82,0.032463250212603365
ck_333544d173524f70,0.17016428203723438
ck_fd4582e3853ef23f,0.016042582863706394
ck_614d936cef98db04,0.012058048756643555
ck_6bc351a3d57aac54,0.006364988183934419
ck_af5842fa7202ff25,0.014545619851482573
ck_81307759252571be,0.006470082870348695
ck_b4d2f02d2cd45720,0.1870168574289944
ck_1bd753a4681946c8,0.9578328782753
ck_46d8c029d46867b2,0.01567853606196739
ck_b7da6640fa2f49cf,0.08674726893284516
ck_9ea3d5a5a91fef9f,0.07304163815072205
ck_7b922518f667f76a,0.0012535095064369192
ck_2a5b31594206eb30,0.39600111954889616
ck_d9506476ad3f9e08,0.016162097819384567
ck_c8791f7ebd4d93c7,0.019082500229461445
ck_b5a3e20fd210017d,0.018784582633277536
ck_8e54386f4fe22cad,0.012829138037160615
ck_75296704f5806f56,0.028408485961189424
ck_0fbbc7a6af300368,0.0029924713817301362
ck_d19bf4dc0627113d,0.0033627696700139673
ck_7951bd4eb99a0175,0.0017163008225057276
ck_059e4fac6b7f704e,0.007015319052837136
ck_2ce8931af02a2ce3,0.009101362079231371
ck_9e665618a4860306,0.002371971535109883
ck_6fce5a893613fd2c,0.0013126141653660717
ck_9e3fbd04e3532f32,0.13158152117482766
ck_55f2ef0de3420e3e,0.033950880042701075
ck_8d87658a6f5d204c,0.4449201665415544
ck_6d6ac1f5dd882aa5,0.002045717627602515
ck_55d0c7012d7ef236,0.049120672911797864
ck_7738eb085e5753d6,0.006068002408197172
ck_0e6e05c3cc8c8242,0.01597462447960614
ck_8d27ff8383d48132,0.0041000600962157905
ck_9afc3bb849f3a64d,0.014879417489667703
ck_27eb86a9898cdfe3,0.005583916821703145
ck_1d40e4fc541abe93,0.08925295232497238
ck_4fd9dc00e1913587,0.9814109011090015
ck_b26cdb2b7b165d2e,0.0210687173389846
ck_a79a27767a02e31f,0.012691299034829453
ck_f0c18cb9f951a71e,0.02135974033148901
ck_50460e0189de6274,0.9269436377546222
ck_5e5280539257c986,0.009742140679272043
ck_eeb854318b3a6f0a,0.020025977582162808
ck_943f66f28dd24750,0.0006022908067435208
ck_984dd7452aee372d,0.10397417027710591
ck_ecaa6de0aca5e9a0,0.049040124776920796
ck_8f1cbc432e2774f8,0.11178284131608093
ck_d91d9f8445b9769a,0.5159724200780891
ck_73c18e03e3c7612e,0.005140506294277808
ck_aded05ada490da20,0.011381205978356025
ck_f744e208183971f8,0.003132423076305235
ck_02d4cef6358ad3b7,0.02101105610943409
ck_08ff5bd467226a5f,0.0012000765200087756
ck_f824b326d5089885,0.14652049497073422
ck_3420f2fd520890f3,0.05354747660166281
ck_1838cf8d00f5b1e1,0.006780271972448285
ck_a85182ad90b6f1e1,0.0023742826854778023
ck_fecb39c82c43e76d,0.004852252800822775
ck_162513e73782929f,0.016921124066621707
ck_2c27b77c59d8f23b,0.060662413213053296
ck_4221e07b17388fd3,0.08871796700775475
ck_adfb8472d5c3d669,0.023342606184131583
ck_0742fe64055d686f,0.002474761350398095
ck_5060aefcc8b6f958,0.01662531264515354
ck_643f549b4ac78a26,0.15531104337495583
ck_dba767885bd6ad69,0.008800336291019045
ck_0dda35c0c64c7073,0.9857479621931035
ck_38ea56d43afa5660,0.01780394896678302
ck_d813e15ac91f487c,0.0774024930905756
ck_4c840e5585a7b167,0.31501243792341105
ck_cb8551453a7bb929,0.006633581974467885
ck_05a00b1dd5a03359,0.004808513668837652
ck_837cc7fd48453a01,0.010888300364083862
ck_49dd816b31fba6b6,0.167711836036319
ck_86a61d9a39768e87,0.02395781502922393
ck_cd0e76f0e7bb38cc,0.031718608754298654
ck_dbe58392635133ca,0.0332610487616525
ck_3caec7dd6f8d02c9,0.040139312238833824
ck_bfd9bfc5b6ab4a54,0.0992555134251813
ck_2103399bdb2898a6,0.018560281719427627
ck_329f7de7279e74c5,0.007928083094263507
ck_9bf0d28119fc42c8,0.020975219281787444
ck_f781539b1042dc83,0.008272815651549947
ck_9986c7d781ac6b4e,0.010404094738277251
ck_a627734880aca848,0.0012720650288661844
ck_2106e509d77fdb4a,0.30186955630188744
ck_420d1a9c604293ce,0.016932665538516786
ck_fce0610c527e2b56,0.013189239549543132
ck_073da541ec3f9d3d,0.011604457096234483
ck_aa5f3ab48c17fed8,0.13265794110624676
ck_0fc1086e1c9e04b6,0.010225200820777438
ck_5c33bb46c1a5945b,0.01627878560885083
ck_500948a8d4bd8e13,0.01603151023659326
ck_19becd44f2c3d2b5,0.03018921502771311
ck_7d0fe77dd5ddb656,0.04019166665724255
ck_f158d9e5f101bb35,0.022254879612283916
ck_cdd7c77823c2257f,0.1042639490478741
ck_6c7b41374f9b2e55,0.00643995828465647
ck_417090dbffb1a63c,0.027413650284389315
ck_dd0e17605f970319,0.009077426222906013
ck_3646515079e6be55,0.01795649412559298
ck_89c8b06aa8c84b2d,0.046608321105674214
ck_e4d6dedd97233c07,0.02301498147871454
ck_bc82fb1895fddde5,0.003972267926831926
ck_88a8b1d442ca3686,0.01621201089604214
ck_5791f8f76a629a4f,0.029997213964548856
ck_9cf5e88e97c8c7ea,0.0308946500434093
ck_58fd684aa5a6f289,0.0016307423499882946
ck_9800c21dfbd8e811,0.019990309647817044
ck_8ae64df60ab6ccda,0.0565756585299129
ck_e535fb0f0c00418d,0.07540861624174398
ck_48011996d54855ac,0.4495799531650503
ck_ac79c72a8fe3fdef,0.06626333168586881
ck_b8cc2df5192bc49b,0.032243402563896184
ck_e96a5e1f08f8a867,0.012732531620138822
ck_84df6770549e43fa,0.0018931368478823168
ck_e5f7b99ba6ec5767,0.023453615094760207
ck_8347455ab53ff620,0.009197185834187696
ck_a84f2cdf695a71d6,0.005512142305893348
ck_90456160115f9ef4,0.0028012080531493555
ck_ebd178b3f3a9c50c,0.03290689562714706
ck_e1140be6157bacbe,0.0026912220152296475
ck_744ffc11d32b96bc,0.01136429318245013
ck_e12a9f7d027e3387,0.004383833762120628
ck_cbe525da0b69f18a,0.01760689355756048
ck_aa59702537557ff1,0.16851093733157177
ck_0348cc6908f7f3af,0.002124322296271422
ck_120e995d50956bee,0.031219594682440923
ck_9fcde1ff46cbbea5,0.04564508327076118
ck_54b0b070689c50d6,0.001654204761872094
ck_966a167758fddfd4,0.03393739058357662
ck_d5194f2e92fd6427,0.01612526169816489
ck_2ee84f3fa27f2cb8,0.01123701619322029
ck_57d0a7eb7eae2eaf,0.03639431068256085
ck_6a2c4edd82e10969,0.0016283264513966347
ck_96e4d38ef670eaff,0.009259843734257308
ck_52cc2fd5095b169d,0.02816081372492726
ck_4b088920f3a844c1,0.028508236632042803
ck_8f3ccbd20d59f1f4,0.0074853191088188435
ck_e5e5dc431bed6f9d,0.020105076462405606
ck_e8b5bfa6838e28d1,0.0154695044040607
ck_4bfeb78b47b7c6a1,0.08230138580725982
ck_a705c61bd679496f,0.0030441620855894925
ck_731869a0c39cb2fe,0.05109434624841775
ck_259eb102342057ea,0.004797194207355228
ck_47a6005fabc33551,0.017918454312004933
ck_682262b455a9edd4,0.0021210254590871723
ck_e839d104854945f0,0.011469495083318175
ck_761989aa4c47d746,0.018347429253637356
ck_44211dc210139ed3,0.017519641896693094
ck_9915ceedf63a5289,0.0441077290936037
ck_da59ab47cb6284ad,0.0024619679658667956
ck_e5cdbfcca2456652,0.011377615313187756
ck_13f2560c6a1ec62f,0.03988747423532475
ck_a0543e9b3abe1001,0.1306174573550509
ck_11c7a58e09e6547b,0.024121343413998006
ck_69587a134d43a4ad,0.032452780349137796
ck_28dc0de0ae291f37,0.01637294753681326
ck_298922703c5bbe05,0.09584033185415619
ck_fa5ba9ed9ed6a343,0.019619302571879986
ck_c08e64d424e56c05,0.036023446658032414
ck_598e036a28262aeb,0.04263630541602157
ck_3f7c870510083a51,0.008556780406227744
ck_364f8203a3e98d36,0.7581952113339553
ck_7333cedb61506ead,0.005721904787835867
ck_1d96d7fd65f208b2,0.011086213990309781
ck_63133a79f23e2627,0.05370105703734315
ck_901d820e0b72abae,0.0027660489164571486
ck_5dd80b3c01457bd8,0.015051851739068593
ck_c0b8067c144ed6c1,0.013691607968685566
ck_cebb8aa8c8f62c60,0.008903801082667147
ck_79749eca42ff1f5f,0.012946146654784208
ck_2cc1d9b587f6da31,0.24579434064883612
ck_ccc7916b56d42195,0.0046123500145857374
ck_e43e53cc7b8b8e41,0.018890912419084104
ck_4ab74a6e7450416c,0.010303928891036485
ck_6e44024e9de301c6,0.0013146202884664394
ck_dd78cb6ae2866cc6,0.01527727949916127
ck_c363d3b050baf3b8,0.032869189425155904
ck_2d46291975f0dd08,0.006768186651856709
ck_76ebeb5aee42f041,0.0228540375815592
ck_8395f004cf4d4c08,0.00437959316749372
ck_de7259c3741db179,0.04222850600826507
ck_3938e92585df2b34,0.014496058063565244
ck_af69bfcf4f07d932,0.019368611232391947
ck_1723900ab9afe374,0.07503650284033087
ck_3d58628d1c853c8a,0.02032687325230783
ck_12a074db100481cf,0.058055637751454794
ck_8716cbf892c50e29,0.008320000630481807
ck_fbf7351958ad9615,0.010837130239489866
ck_a50370907e6b397c,0.0578553201176247
ck_937402a60df0821c,0.003146997397998092
ck_8ce9c5807acbef48,0.01040647032709347
ck_acf7d65eaaa4c31c,0.006170039045461342
ck_ec3eb6dd0967cac5,0.0375614387285757
ck_fc832b0c90c9bdb9,0.8253303125655405
ck_8129e81cde280131,0.010495490384942444
ck_52c0ef68aa2fb8cf,0.017653969068920177
ck_06f042e9b1b662fd,0.049902181110782234
ck_0bf35dcf7b38f650,0.0047358566961606926
ck_615763afc2e17a7f,0.0027924230256769524
ck_e72db9d4b2fc9997,0.9439646883847648
ck_13757bf0eeb353e2,0.006172817667843334
ck_abaf371ec8249c4a,0.05449638955667012
ck_9b7167da0920c37b,0.029404819991203857
ck_2e824b0b27494a17,0.02906064143510734
ck_9a0b605e9c3220c4,0.04521429185145865
ck_a5276af466b681de,0.0023819362316049543
ck_9e0383e1fb6e214d,0.05574397625372005
ck_6a27c44b691dbfac,0.004391570412405954
ck_af39767cf583905b,0.0077239996606144005
ck_243b1b9fdd3f9a74,0.002457238447201949
ck_c0422e638a9c6046,0.026458144532632406
ck_e0f3ea3373dfc4aa,0.0719527900186141
ck_d56ee1654378ffc7,0.02178691599652753
ck_20cd2f5666719baa,0.0025168501140935143
ck_4dfa1c1e9b69fcc8,0.010508082128589252
ck_5d22e9ca1d15180b,0.2885614056148775
ck_f4a7ac178fd55f0e,0.005690076131212878
ck_fd5609bd23a1eaf8,0.006599305836319539
ck_49c3bf13dc9471ce,0.013367207824699568
ck_724085c3452d4693,0.2727338316936587
ck_e5d1462846154a75,0.03489240532957323
ck_c69ef0f3e7d6acf9,0.06549107466736331
ck_a2d0417791d4132d,0.021332152347674035
ck_00a07fc2a9183c3a,0.0028085091623008154
ck_781b8288e54ba8f8,0.12499026527441759
ck_d74a62ab3804a81b,0.008484035987109251
ck_abcbde211b6267f8,0.038146217759790386
ck_16dbafc035574654,0.004001819023070172
ck_018f780215ecaf38,0.00766102528860338
ck_0b259620eac51618,0.004630569507654524
ck_4f875342394c110f,0.03917985354349163
ck_399e45e5fe9beaee,0.00800051198882737
ck_36224a2d394ebfe4,0.08849318903495104
ck_c189b551bd111332,0.004295295001086183
ck_125c5a720ecb177a,0.1189529990531475
ck_76d010aa02eb477a,0.0021191760785490487
ck_1071d14c46c92379,0.47989594643183753
ck_61d244b2cde483af,0.008339573249891409
ck_2ff1860da2004c84,0.005886471357484677
ck_c5b583490198672d,0.013098200883089663
ck_1294f7af22fade11,0.07197599200220674
ck_e3a22799716df39d,0.06334503810867871
ck_c77e22834ef97005,0.37786293951845784
ck_73d3689728270a2b,0.0028756727232108607
ck_295565fbf77ef885,0.00420612434830632
ck_80c0a7f54ff4895d,0.006450129840150028
ck_f1ef5cf7f10b16c8,0.025856850465081835
ck_a958b2461ffc21a2,0.0544695299344978
ck_0e7899a57cd617d6,0.002181607476972405
ck_9d4fed252718f58a,0.02634854961649732
ck_83c2c34add971d76,0.0032033666353859258
ck_9ccc030ba2de9fb2,0.022526378846147017
ck_cd691e3466fb3742,0.009737866129047304
ck_49df70f908dfd069,0.09901292619375286
ck_362ce13eec1e33a0,0.007003687690060743
ck_2452a30397dfc54c,0.006729407395892929
ck_a443d49c2b4863b0,0.011948470354353521
ck_c8b2e2cb349dd0ff,0.007330539986245055
ck_354909fecf5da8cf,0.007142515996088472
ck_841f598bbd54c83f,0.04925477507464166
ck_cd6fbd4e8724f994,0.02384252374606777
ck_e0b3158111370118,0.012590131365477144
ck_4c2f2eb657c2c60e,0.005775205545221635
ck_ef346071f0b7654b,0.013571956806753391
ck_f3bc10e3decefce4,0.003992694783622159
ck_189b6fbe9b9192e7,0.01367781633125424
ck_5245cbc5ff4d4fa6,0.01858638293262859
ck_cb42e3be6fe87f60,0.006164726936280572
ck_966d4d713cbc7792,0.003607779494625748
ck_1c8c969667cbaab2,0.8972161975823358
ck_d35e3aa9ef5d405e,0.1057170932934171
ck_a1c39df50a5873b3,0.023753437096612824
ck_a152165caf295b51,0.018437741006396998
ck_891eaedae139828e,0.007639208418274447
ck_1a46b56f4734d52e,0.02230696791527302
ck_5e36042cfad96c99,0.1661197009906951
ck_02a8582c2603e675,0.011742042800892246
ck_6def9d0429e4ed4b,0.016900215496458277
ck_e137400825a1e3e6,0.02510015466684785
ck_d91ab840848a54fc,0.004516541871533244
ck_becb6e1c608e0078,0.0036096490087649644
ck_6fd8c86ac719d7eb,0.09029524935728446
ck_3ed4d13f12fd9d0e,0.03544553351262578
ck_007337aa99a4891e,0.0029616296852767233
ck_60c3d8306527a08d,0.0015621822968612169
ck_95458880a54df0b1,0.48512709893730555
ck_b48cd8593533fc1d,0.7818099961469472
ck_021c6a4a7e3f1f0e,0.0030474977266419616
ck_764d40f865e710af,0.018707673413887384
ck_4b84357ae8ec7777,0.016744304723191952
ck_3397c7856b4669a5,0.0030004085966148387
ck_920bb003b42e6310,0.0026498754136611126
ck_8f59f11b512d5b7c,0.03809217532515739
ck_a3acf4b986afa98b,0.10713444702866452
ck_e89d25ed7bdeeaea,0.007804245348147769
ck_70e6bca473bf6902,0.003488624896923318
ck_186161ce152836f5,0.011938223923766386
ck_9191579254663f5d,0.0038380193163847164
ck_1e6628879e9d653c,0.02740344997705071
ck_b498fa91a0776ff6,0.010622791502928712
ck_cfc2384f22954830,0.07229718103216276
ck_17673a1c2867888a,0.004872288545271677
ck_523dce06515b072d,0.029391806003164336
ck_c20638a325ead2e4,0.004245232708446729
ck_d3877e1f907cc148,0.04736468134838583
ck_e9a2495dea8675e2,0.03555352531161445
ck_7e561caa5fa1f3f1,0.02761610517047743
ck_455672e652fe1abc,0.8508070667516279
ck_7f8f864fcc90ca82,0.025605894926171727
ck_1ad36046aaeb816c,0.013068319290633226
ck_de056e37c82e8e00,0.014454793871925085
ck_7484c214c889fe7f,0.02266181274974339
ck_32430e678c4f9f53,0.007218196339184287
ck_6276ece8f80ea799,0.018075907180892078
ck_ae8e5dc4b725bc25,0.01647345350713835
ck_f01be92dc78a2dc7,0.007886323483266221
ck_233397a8bd40d38d,0.003890374460082724
ck_f8124911450fdf31,0.810497564701029
ck_aa0a3179f1111674,0.007183472339740081
ck_2366b29ed9887a5e,0.0028299907358729707
ck_1f22f04dfc08cf27,0.006280607955112945
ck_b62276c3426d680c,0.026046295985250902
ck_d099fca88691f66f,0.0379424855741522
ck_166bd1dcbaf4d6fa,0.004288292307541246
ck_7b1660e942436e12,0.02174359397256571
ck_4a9a791a1d409a3d,0.024052060266773343
ck_b003e5b54df65db4,0.016222504600452648
ck_64b4dcbf436f0b75,0.004943572142235424
ck_26e9a7bb2061a58e,0.029457286952847796
ck_08b77ad5f8f73007,0.013523262598827268
ck_366616a725afc6bd,0.013989026540403876
ck_934fb5064b6eefe2,0.004734644419530121
ck_c6abd5d57b1009d2,0.0038618935891660687
ck_edcfa9e1cf29d813,0.02496279484123296
ck_c30201ebd003fdc7,0.01687701235439064
ck_c54643d94d3ce355,0.04103905698533655
ck_02adda6e91e49650,0.026864586614802146
ck_5b73d7c5255e58a3,0.16347184345616855
ck_129ffae92dc01408,0.001504544587279471
ck_fa321945ebedb916,0.044601273237808374
ck_8da980cb2e1e2bfb,0.013150489369193871
ck_0576b00d728bdf19,0.06421861360038797
ck_c543d82e22b3c8a5,0.004122183451688157
ck_0027ba644f9ae2cd,0.152603487760492
ck_8dbf61df902a6bbc,0.0033493490133178496
ck_90eeca1cda79fd41,0.004400496217761748
ck_86d7127391d4e01f,0.0029960684956954475
ck_73762038c7ff2f6f,0.002386915806889286
ck_a1484e6215fac651,0.6479075455540678
ck_cb83b9f806e90dc6,0.2061124081475813
ck_8c6f059c95872126,0.005289904553154345
ck_3174419a81e7caf2,0.0037699806176447067
ck_6a0f8f8fa4a3c2bc,0.02042371322702764
ck_b5777605668bfca1,0.002681629992713921
ck_27e4de495abb4d15,0.018471922199935688
ck_7f6fa79c7a107161,0.00875457626023133
ck_c36ed9f8e6792ea4,0.016475912733175273
ck_67a1aa88d2ea554a,0.017231516519374695
ck_09748dfe4df3d540,0.00544447224238972
ck_27fd85b1e38b675a,0.0023596061187895895
ck_2369689bd795ee10,0.007997421553695486
ck_4eb1c12f7d092bac,0.0026461783568594247
ck_01fbafc42c8e33f5,0.010106474963606981
ck_93c4e05699b3b7d0,0.02575454558598822
ck_afc484d1b6907983,0.0065783886843531125
ck_1b2d9cae92a1aab1,0.05209208105013264
ck_73b729cb161487f2,0.005559094324558192
ck_fe3c1d0ac090d960,0.32173451872556297
ck_408efac1d3885ff8,0.02182502399522488
ck_ccb4dd9d0a48a76e,0.003385022477094753
ck_2987eab34ca7805d,0.032813290663707056
ck_1dbf1f15193197db,0.04412104339426103
ck_4ed711fe4053e74d,0.21228301637967667
ck_6c54adce174f45f4,0.01781026337724194
ck_a6c740041faf0bd5,0.01286632770780364
ck_b05c4d33c4f43639,0.01683701076069003
ck_032880f1114dd51c,0.025794023298657008
ck_22311b037456a76e,0.0014831535440689482
ck_5866b413549765bf,0.005784526600711496
ck_0e808afe2570ecac,0.016229459206149707
ck_634276b05f4381f8,0.005585703368736833
ck_5d8773badd0d4740,0.016888833183451787
ck_82b5b79ce3517102,0.7970747001781318
ck_b378b8d8100ee4b1,0.014287855921057743
ck_54e581f71be5430d,0.00546315007532658
ck_798ba4b8aa544fea,0.0031501826196653512
ck_3fe86b6331ff95e3,0.04263756847964542
ck_81275d9d4c559e6f,0.006120637582067376
ck_99a4e5ef02d89493,0.02351308662033365
ck_54e2eb018d947790,0.01104037740717712
ck_966901ea9c77cc02,0.007952419586218912
ck_27d69ff4e0cb428c,0.14348461311479327
ck_2cee2dd7bbfc09a0,0.9433539451531231
ck_4136b00924695ab4,0.000997219964647176
ck_59a164c40c03a45f,0.012470867977250636
ck_3e24b026bc66789b,0.000680495176635006
ck_8105bcf69a75ee47,0.007031967453719914
ck_7a1782cefe26a456,0.03601931122896982
ck_970c7dc195161272,0.0021494185336839774
ck_a48ec0c00ae20e82,0.047041081321264694
ck_54b374ade34e1dc1,0.008174649211598122
ck_74e5dec189761d14,0.0051433600748466155
ck_4717f24f2c6f40e1,0.0973008609674044
ck_fc8cd8a8209e802d,0.017123079572167615
ck_71db4131d7efe218,0.016577081815139717
ck_45424ea6f0bc4650,0.2800161880563006
ck_3716c6181a5035bc,0.009899449696097741
ck_26de14b96bdad4f6,0.0050635578306876755
ck_99c0a41ac9c73857,0.012176528760516333
ck_645f15bbbcff3b4f,0.9755211393084142
ck_b7e25ddd41514d4c,0.006131558375324922
ck_d5c14e877ca7b755,0.007837665270085064
ck_05ea4440dac6cfad,0.03219592303490353
ck_c58bafff7b1955cc,0.013665178182743628
ck_f0cf85b67a9b840f,0.020029628621400626
ck_ce1500a7f0d03fba,0.005570164323635207
ck_d4972a775aadbbc8,0.01590116910547336
ck_3eb6146c262e0fc3,0.00620166557798484
ck_afb23858a4ef42ed,0.9797289295548834
ck_2c1def5c91c52a5b,0.13560492077563902
ck_72e550559487b919,0.003643283274741668
ck_0284dc2b4f856b3a,0.4680978498876213
ck_03be334935e999a2,0.010406688486912508
ck_e35a4b4a3cb4cedf,0.012229968755049779
ck_5abe57dfff4b735c,0.016480804810161634
ck_f5f87f772388efa0,0.022707501496728753
ck_5a22cb36d612236e,0.005856402799279518
ck_8ff1e6028e764472,0.9283520362156611
ck_2ab28149b0986642,0.04291948940015011
ck_c88fc1bac79fa6d3,0.06605335441094737
ck_5b137d74bba6b1b4,0.001145118352517266
ck_11f362dca2dfaf5a,0.012858621195171649
ck_7f960541e5174565,0.007763632395823494
ck_d5458ba39ae94498,0.018948109035479967
ck_0a921a73a90c2e39,0.05728148524061004
ck_6ad56ef40086dbe4,0.009523363745102547
ck_b68199ecccf2350c,0.002138008957512672
ck_6dac66c8198c07d8,0.01887951423438911
ck_9b9ce7bebc235fe8,0.00994365149043076
ck_6b817117d87063a8,0.019297048293604385
ck_900d62b3184378c7,0.0048099353100754345
ck_eafe9b89857149b5,0.008100996021179979
ck_e74716a525ee5b24,0.0028776050432223485
ck_4e9a6f06ab134102,0.014563965340229435
ck_b0d33b5a3716661d,0.005903230104438454
ck_8703543bf3134306,0.029635464651769517
ck_923d6a0f83accef1,0.010080432848200397
ck_52e37e2170532e2a,0.11888804615600082
ck_c1c5ea839c58958a,0.04039728723631197
ck_660f0006780e87e7,0.014166692707212138
ck_830b2c5d1818ac07,0.06747917017113024
ck_b080ff636932d1f1,0.0010677859984945962
ck_38730aace405f2ae,0.9946122058035732
ck_9790138467a06223,0.001965454646272829
ck_10de0b0d86b17839,0.00627965042606097
ck_c3e37a4d3382c32e,0.001118542095361026
ck_dd8edfefa1eba531,0.0027250441837343817
ck_8153cdadd300d234,0.0010295098334177338
ck_74d0e7c2c6b63d36,0.7933181171785533
ck_c478aae3031bb328,0.01072833946886451
ck_cf301f2194975866,0.00573467288025316
ck_f4de03f44e3a5bd5,0.020663889903303083
ck_b06ce826e593b210,0.06298866590519982
ck_2fc70b6baf6a0e26,0.004389442114415564
ck_d208494cf5c90047,0.03156987513630819
ck_086d29ccae565e5d,0.002375094362870506
ck_d5ef6dc116dee408,0.010797799342027068
ck_fdf0c5b722d83464,0.0014976034353283599
ck_de8494b13adeffb5,0.00787226736433493
ck_556786868599143b,0.014487167650881736
ck_4940e78cbdcfecf3,0.016410190397914203
ck_d32fbbfe32c00416,0.007029276180596521
ck_bc7710f7e9fae649,0.002645769858078708
ck_416f7ac57da081a3,0.012277593950123346
ck_6fb39b60c67d5475,0.003067831147681603
ck_e40a156511345d6a,0.004612495879261845
ck_49ab879b5aa7fccd,0.06804061342157475
ck_bb643194d1cbc47c,0.9760846081462703
ck_b3ce8f1bcedfa043,0.013313562701453415
ck_558ebde8c29132a4,0.014894193277718092
ck_e6222925762273b8,0.14315000250741589
ck_bd80546b4807dd59,0.05288536125602248
ck_bd21164bd2bbb635,0.03570071689277582
ck_ea835557d7043667,0.011082028693898578
ck_1411a80a157ff39c,0.016305627969730074
ck_ab973888c20c9120,0.06370726245944322
ck_95b48972061abe82,0.002092273322971229
ck_fc4a43f8876bf10f,0.12195099581298154
ck_f34fb7ccf82f41e5,0.008066313239903861
ck_5af9934a56801ac0,0.009096602999062077
ck_fc7445ec76389a58,0.36966052417041634
ck_1eeacc26f02fbba4,0.02019076100011572
ck_4f325dd15c9bd45c,0.05513508159773466
ck_5009a6c8bbaf15ba,0.061085790553840814
ck_0f3de7f074bb33af,0.022387705532116563
ck_2cbc2f93a32eede8,0.03997865790585759
ck_4bb90a61c21a303b,0.009399676715305467
ck_3ade9eac7d7b0dbf,0.08851925049393215
ck_4859a58629622915,0.07117095969163262
ck_5fed957287ebca03,0.0021027041287102447
ck_ec01ae5351500355,0.0035443318800611294
ck_703b41624ae6a5b6,0.007664053189036002
ck_97c38e7f61c27e47,0.019404535942695558
ck_db2c0908150cb2cc,0.021563564233793034
ck_64ac5e6fed86ab60,0.840858443368516
ck_da1c853b0a061e83,0.03018994411123733
ck_9a36916b60178ded,0.600288504780707
ck_3715bfa7fed2c675,0.008307573514854184
ck_dd3feb77d7d4f6d3,0.007754486633855667
ck_982ebb24174a4ade,0.009590078209972201
ck_f6b7a10d47dd9a1f,0.009169327601595563
ck_1f56fe99f250cdf4,0.03055601400143209
ck_deb3ac0606d6f6db,0.0083359990756162
ck_e666629e5a41b39b,0.010078333103194094
ck_756d2c13d02b3e09,0.023263538404261805
ck_7bc752ae7cf5d55f,0.02626548724987464
ck_fc0cc4b25e6a8194,0.007363999594423044
ck_9b2b0e286de78a1b,0.016701293487801066
ck_24b0803447211bf3,0.014559415252509433
ck_82eed68d05a42128,0.0251354005492784
ck_c8a03c516ed5b05c,0.02411735586551416
ck_e914974cee1bccb1,0.011563381292457126
ck_0c533ff2d0f9962a,0.00886085095123537
ck_c12805fa5d970a83,0.0331324931426824
ck_fc2cb29918631f10,0.08610222351611156
ck_c20e89afe575549b,0.010098132141304507
ck_e1ff9e31becc27ae,0.07905047808979715
ck_18116d0ac08f1996,0.8764170916876977
ck_885a83975cea5e64,0.0026185640220178215
ck_a0c3059a959ba5d1,0.02742747201745513
ck_75257ca7d7da2861,0.05123403514342715
ck_2210f7a0d13bdbef,0.040307154923712354
ck_9cbd9ecf8374f65f,0.005946767460829833
ck_18f67c00ba21fbde,0.007025544820908335
ck_2d28f14d3973d8fb,0.006248273454347573
ck_8b3401b44aaae728,0.00568548739354487
ck_9d8e9ef37797d3af,0.4333357946622553
ck_9f50920c894f64e1,0.00703558942239612
ck_4737e0d56c6fa0a1,0.013972498691724483
ck_52c311f29ca3aca9,0.002531544350449544
ck_6a4981bc721df37a,0.019812166452003382
ck_823539d936c55fc6,0.0019003714636742321
ck_df5aedb4118020bf,0.9439931949786484
ck_a911a066ff0f7b56,0.02535607633114081
ck_684609767df4a14b,0.05387779522840797
ck_f2350bf355dc919e,0.0055358970562156265
ck_8452b6cf97c65a5e,0.009626777942815294
ck_084cd84501012218,0.5369483558469352
ck_ace6b72e5bf3e93b,0.12891603540493057
ck_2afdd69094c955c5,0.0382024076582398
ck_fa7d5be26bf7b31c,0.12008737893552589
ck_4b041217690fca2f,0.01657296497798583
ck_9fb8e3d38cdf276d,0.7741099156618523
ck_c1ee56d65a42f59f,0.018146739009221136
ck_fdeaa1cd085691f0,0.019068670113842254
ck_5de33a7a87e9aa62,0.03695998117924215
ck_7476e7fe1ff45545,0.020573131016904944
ck_b0a947b498e47018,0.04048837215042224
ck_e3894ed88a7977e4,0.002414080083437736
ck_c7e07ebfb0bc15f6,0.07966992470595605
ck_3a3daa8b376f2a18,0.0029727150143397546
ck_87809324c2675b0a,0.031521101042134625
ck_7eb4f33260f1dcd4,0.013807387004666806
ck_ab9f0e08af030060,0.021710799704068293
ck_5b8fc4a76f340797,0.024297321532099094
ck_0e7bf10ef49aa818,0.09167492332621849
ck_a44462a3853ac67e,0.9696864824692865
ck_2d14bcd2e0fc043d,0.004975521181033933
ck_df1f2dba802296be,0.8445327156962538
ck_466a7316eaf149b1,0.02522859095932249
ck_50df50af592b0c06,0.01787889788542676
ck_5f9e34c849704b95,0.009627641901122988
ck_7836bf6def26aa87,0.15832630219160804
ck_ba175b1bd8efaabf,0.026195751426704866
ck_1a0aac7f7b94b1be,0.2924914292666227
ck_6768c4b2aa8ce586,0.007681351819226605
ck_eefcf0ed15897898,0.011659930912165887
ck_7a6cb27e390b6ceb,0.010881724085324965
ck_5275be4e1577c1c7,0.0036371791276258443
ck_6bc0e5b8c0b7d2bd,0.06107399627061661
ck_4874bdec79f9106c,0.042868118478964254
ck_a678731156ad7bd2,0.4434216369330701
ck_db906debc36a5d1e,0.036667038541461035
ck_e87897767c612942,0.007693809464898363
ck_45ed5ee496ef8a67,0.007230784312775999
ck_ae20e28f9854f3ee,0.03605087555436802
ck_9ee044b73943a90b,0.016513815867967647
ck_dab34cf6f0626c9b,0.018488908002945417
ck_64a02b7b96149810,0.0016382307737289358
ck_c417d06f3e94685d,0.019281796997097218
ck_3e0149cdee4cb294,0.01620389533379438
ck_0e6046fc30f81705,0.008604013135187416
ck_c383aeabd53e9c89,0.04380598546945798
ck_2ef76f1f36e8b869,0.18852925807611098
ck_43948784650bb9ac,0.012210463885443805
ck_bdb966f43ac350ee,0.036627696029659665
ck_5bea0e0ee0b094cd,0.002808314071609268
ck_dff090f03ca5529e,0.0029063723868053585
ck_a4691b57f837d88e,0.01778982911250276
ck_99ee90946395d74d,0.6303656445130625
ck_cc81dbc83a8879fd,0.009712572697564838
ck_f3dc0725621b3a35,0.0033006164042505134
ck_1bb212d1288b9689,0.022865589662729623
ck_9e7278fc7679f002,0.027280704713606385
ck_3ded7a8720d7e311,0.004684737226769034
ck_798157bcdb9453e1,0.005839997241875524
ck_9fba80f56f357fe1,0.008653601348053406
ck_f1e1c8491f16f912,0.004182644330085923
ck_7b1319a5ca2f63c6,0.9748182981767675
ck_124432fd5c92af7e,0.6845374283358475
ck_148cb0c723284dc0,0.007477333075411026
ck_b56c62c950eda009,0.006773155844176697
ck_a0498755cd8d7188,0.005723844065634436
ck_5379452a9d74efae,0.004288400210031986
ck_6c2453229d608183,0.01659438814945732
ck_f9d8b4813a88c1e6,0.00890195334957087
ck_c2c7d1e45a521857,0.04092550225994932
ck_4364a83a11743888,0.005244577876125284
ck_2cdf5fd97ba75e06,0.12099318488634958
ck_71bc01291e0533a0,0.01232594830155623
ck_a725d7aed2a0bdc2,0.003948470494107429
ck_a9b0c4dbd7db6a91,0.03662469449846272
ck_a4258806a533efa9,0.02359017772917275
ck_905e460591d9a278,0.06932232794390635
ck_20de8abfd8960ee3,0.023611101873026074
ck_252b0a0f1119b220,0.0018431669632902974
ck_95e4bef65c36af1a,0.001762377172241517
ck_5ab68b434ad53fea,0.0027707635811732734
ck_13677a1957078827,0.0035846852742543144
ck_d251e9fa09e542dd,0.9965899017914952
ck_700cb620f300dd47,0.005861200157462746
ck_39a68c55a1bd3ace,0.22615570236453905
ck_61a59a7944d6c53e,0.24650837232674852
ck_db6d1c6d31da967a,0.011456795646164409
ck_650020c500b1b50d,0.010818807752982978
ck_d812eb6930192793,0.0009239007234027623
ck_92f6ebc11ebca89b,0.044473610644134694
ck_d87e26eb5bc84b01,0.006225975446071516
ck_66439e697695224c,0.0032734944915809305
ck_f21efd504faa654c,0.004039226659331675
ck_15eed0f5652f0352,0.007038188649811181
ck_bcdbf57d98dc0d27,0.02183178797373967
ck_873ceb8004d3a9f7,0.03517688537230409
ck_70bef9ddd4bab005,0.001480917078018662
ck_7560f1891d66f294,0.0030764049848919406
ck_f439f16f8693883f,0.03331031833288589
ck_14f9535e53f9c7a6,0.024523135308694502
ck_5984be472d2bc267,0.14888613914474577
ck_ed01be7504dc4187,0.05781867721442281
ck_dc3d8b5c17b67ae9,0.0024791622065646716
ck_9dc23031b6b494af,0.030013469299130704
ck_fbdac0221bc03f66,0.00795628203847936
ck_863708a99b92ef0d,0.01895453676236876
ck_22b52654776a1ea8,0.7108852074248964
ck_a0714f98001efa0c,0.02645547914624995
ck_9c56114f84e9a541,0.010289578254258382
ck_e155cf506b2fb699,0.01237964839600699
ck_65ed7e72f24731e7,0.006031637364491709
ck_822d6e8e43befc72,0.3400096653589058
ck_b1182471d9ac6b26,0.002279197149217917
ck_821446adc95e6da5,0.0122796714585514
ck_ff182f033134dbb8,0.020018537980999687
ck_9c5feef7647b0588,0.012172363652326351
ck_df935d8bdd44883e,0.013960238398158473
ck_01eb24c18ad11fca,0.10943173289897339
ck_00d6730134a1eb51,0.00980810832352604
ck_79ba8e85678d0224,0.012984481875762096
ck_97e3b04a1350f6e4,0.026831312112266522
ck_74e9747954a46eaa,0.08661746946087151
ck_397d5fcc9972f909,0.02546644303378537
ck_9ede89e8a43c3f53,0.08925226663602367
ck_303b33910d67f306,0.0035794482728678605
ck_3c17841636f6f7dc,0.013070706604012591
ck_78730527f8ba1438,0.1767621705612201
ck_5ee32bc6bb5d1d4c,0.06696140690942394
ck_a13fee8cd925d0dc,0.00995474242652227
ck_6f847263379f2e43,0.042872467207633144
ck_9b9d9e579e7b55b2,0.07617114349178992
ck_87c1d0a79e79c84b,0.010701286006447935
ck_bfc453eabb472f91,0.13463098690428987
ck_978c21bb5fe3171e,0.03649407837074892
ck_dd882323474431d4,0.0439460895387209
ck_533c4f7400d5ab22,0.09813424278383232
ck_5f217bfe28954e75,0.9892042344571095
ck_ae96d35465b3b4bd,0.0066597926497160564
ck_512ebe97c0af94dd,0.20161430386430865
ck_f558fe02bb0219b8,0.005221965613851592
ck_84092e23d5ef4d51,0.058143273407314386
ck_17d3022ca12eacd7,0.008812393242179644
ck_8a8f81bf3558fd9c,0.008830178527660618
ck_0ada6fed1864e7c4,0.013571984665183286
ck_21fe7bc59dcd78fb,0.0025801539159100253
ck_e136e20c1c74fe38,0.009620750616087297
ck_e7a530e09d113dd7,0.06701932702592973
ck_7cb0c9ded4d63027,0.037222938780628795
ck_102db9615e722c9e,0.0348284879743032
ck_129e39ddfde92eeb,0.0025977896384715466
ck_d730ff21bfd7769d,0.011102265138745597
ck_54459b45d2be8459,0.01152302310909126
ck_7f1c20319eb60aa6,0.9954032852875272
ck_939fede90473e412,0.005712304564402707
ck_e0f9506a6d5f4a1a,0.006841062426685102
ck_9a4967cdf49265cd,0.1857608796154582
ck_b9eaf03453ac7d5f,0.005468655081107427
ck_522477be6376b450,0.01315721860706869
ck_9b6282e3bad50710,0.013658664307129793
ck_a0e3a2facd508e49,0.02973935361971164
ck_97ffae702f7c3d08,0.0046289223990432496
ck_344a95cb7115ec67,0.007139831059027783
ck_1f2760764afa45e8,0.007843513902396567
ck_720cd658d11ea428,0.04512427815363865
ck_04e32ee9834c088d,0.020764420082063653
ck_2bb1389e5e72c8f4,0.10473639533197614
ck_961e7dbc217cfbbc,0.011694116659780677
ck_f3bce4eccfa6d6bb,0.006176646023744069
ck_e0ccfa0d689339be,0.007408170860806376
ck_98217aeafa0bfefd,0.019378454093248013
ck_a02aeec1914c158a,0.008865405468816224
ck_20a17e8f206a14c8,0.015558643837997614
ck_114c32aad4b6183f,0.04570502914936271
ck_79f5198f0decef20,0.0025974122638682713
ck_2209de229b4c71c5,0.018167681229879867
ck_6ee939b7f396975f,0.008903592262070015
ck_202f0c14b07ace01,0.03862647451740283
ck_fa24db9d416ab904,0.003530510247786726
ck_cf6aa24b92c4d33c,0.39373729008674724
ck_45f57fb8194cefc8,0.018886106412327252
ck_d5eb179dc45394c6,0.024941356604514017
ck_efb24be983342f75,0.021382338121969727
ck_245f5d62ead5ef28,0.008578018650016471
ck_15fe2a47fa7e92ea,0.0017200886097995416
ck_b6527a85fd682554,0.02254083079640711
ck_11f9390a11ce9ff5,0.021426084180136147
ck_ffb4d892c5158201,0.0020064966729514896
ck_d4c1da5a1427fd6a,0.04138267599960228
ck_2c041b1efb1c5063,0.016403220941431842
ck_ecc18f40b33be769,0.08109268204814583
ck_0525349f3945375b,0.04712916541075319
ck_0bfe62e0c7eab9c9,0.01361635985976211
ck_b7c37d410b1646c2,0.025096437346045063
ck_4b15b0746318cf42,0.17369467070824893
ck_e5ee006ecd8ff661,0.033126735617184454
ck_ccc83cf66365357b,0.04145865396920327
ck_34a33ffe8339f66d,0.9543683881604131
ck_4e39e3b165edab58,0.82600042705492
ck_1a71f8081ae00190,0.9360329569068603
ck_ed8f1200fc049c40,0.9731730717950984
ck_8a5a57858e8c77f3,0.034199885044013056
ck_fff9fdc2adf5100b,0.7971506550563201
ck_c76f1bf40f3b787b,0.001410011435546835
ck_1a6ddfeef82b1b1a,0.015435292644172614
ck_478d2667aa9896d9,0.07987430355924695
ck_641c8e7694b21f3b,0.01596499023251312
ck_293581d879f6663b,0.5235295527495641
ck_1bfa8abdb22be8f0,0.16035176339364
ck_05ab5b03d0bf9ce4,0.3081539175977728
ck_35694db37f0cde7a,0.002262645213493829
ck_fe33eb743d714c03,0.009383748690678477
ck_abd10fbcbaf2b038,0.0058565545031599355
ck_46d51648c1bf80e5,0.3332099881133877
ck_5c8390017fabfaef,0.022329785034463565
ck_87d55ca333f22072,0.00194893701729827
ck_c39c6a1453e2b92c,0.0014499351864849593
ck_69ff1b0aa143a168,0.0014231901587153906
ck_e57c79eaab35ded7,0.009633773412766467
ck_463ae759e2b6ad1d,0.008518493568397333
ck_0dae4a7eb587f3ba,0.021861351108241455
ck_9b12fb56529ebc4e,0.014222142191597304
ck_1af547077ba2dd03,0.07771867550980242
ck_de13de941bebc7cf,0.007366032333498669
ck_83dde7da2bf647ac,0.0014671672400374386
ck_c80a94d4660041fe,0.1293832722317924
ck_f39cfeb277ef6528,0.0023450480951457847
ck_1cec1ed1512a2d3d,0.0024314121378529088
ck_7955a359b6448799,0.002215464563003098
ck_8c0955dad13c3ca1,0.004828772909598247
ck_6d4cd2de601a2308,0.009832945685329181
ck_f4536ba8dd2d551d,0.00895439213922495
ck_b379c198d6db2d62,0.01706233942265003
ck_76ea90ebc74bcdc7,0.023570461034567083
ck_734f06bd4aa92781,0.03039359509789974
ck_677e1d0c14cbf569,0.0037943340436589696
ck_259271c70f3fbcbe,0.0627828404856237
ck_c0b744eb9e7d4eb7,0.017270909965275954
ck_3d41faeb96802f68,0.0030933155256167573
ck_8f604fa70fc3c8e3,0.0038500688075023184
ck_0b3c3bea0e0ed339,0.005461900167264471
ck_be5df076b8a86409,0.006180290531526836
ck_6a475fe324d7d790,0.04758776376176072
ck_3ba3fa5387bacee8,0.0008859372499860302
ck_324b9939d9c1c31e,0.005181461438542126
ck_a7fcf7b592f68ca1,0.043483779328004984
ck_5b2728f7cca414ae,0.0013715386659873886
ck_5f4a25ffd0b85a47,0.015481715449719548
ck_63d4f5076fe4406e,0.00683475811098352
ck_af528d66c86f0cb8,0.005927399574290425
ck_ac7cdb9b8da7b5dd,0.03164263431271446
ck_3bece63711407e25,0.023295589313140377
ck_d4e0b2a12fcfc35e,0.0037605056006155767
ck_ee3e7c9d3a9c74b4,0.02838675925061498
ck_50d7c4dab837bf66,0.007351509535923997
ck_ebcb93a2990fc914,0.05820006402354919
ck_2329cc9702cdf7a0,0.02744539828582995
ck_db1fa53d588bf99e,0.013004391347235592
ck_44e57a0bad5a0745,0.019585253515055783
ck_472c81a144f4631b,0.009113159941473648
ck_1658429acd5306ba,0.01397126754844156
ck_466103ec5bd9444b,0.012599648779353661
ck_9757163e25262b74,0.024640388257639683
ck_34ed59bc2c9b0186,0.0024651216350174065
ck_b7bd3a7f263f4f29,0.08841690470834417
ck_149662b09d632e41,0.006383523457093687
ck_a9ffd6b3957bd41e,0.008764376524102186
ck_ab80466ef615e85c,0.007672832519254584
ck_f2c824d3473db24c,0.0055994801352972495
ck_a4a01fd45936b078,0.03048418399628333
ck_8f6ce158c2902877,0.001598937056816943
ck_5189a302cfa7cefd,0.0014808613168879024
ck_430a3d03be588201,0.03910092664200412
ck_b5f9dd00914b4db4,0.006452129855186285
ck_52dec82e9cf6135a,0.01150736863957949
ck_95e444a01e2ab4a5,0.030466016339124803
ck_e37cee7b123692af,0.01911852491049312
ck_d68d42858a55adff,0.05564916739842147
ck_3abfc010091d679d,0.026695906039831803
ck_cee4e4e1b62bf82f,0.04125420367900272
ck_9ccb17c35e636c5e,0.010421877919680437
ck_f72a5a3b0d6c1177,0.004187896465675102
ck_7508aa554fae6afb,0.06444111119320603
ck_003aa842b7ca1d77,0.3864227238189241
ck_83b2b192f41ee2bc,0.2166675283316833
ck_64796b6b2c3c7f06,0.02032418211155194
ck_6438ae81d43cb196,0.01544249719009082
ck_2bd73d9098504760,0.11123016690894584
ck_aa8b9b36a099e4c8,0.02826341263505635
ck_e5ece47d0dd10526,0.02070740715353382
ck_16077ac345472e6a,0.009440280033260317
ck_a4d6e152b0076964,0.004796601842173818
ck_d90b1d03ae151f62,0.01805018487458935
ck_18b36d342b530af4,0.006924194637825077
ck_2a01e610348b84f8,0.049605064180719416
ck_0a93ed76bf36c8b6,0.020318197623231223
ck_3d56b477fe2370b6,0.011941421107685191
ck_17ab3068fa303682,0.006834584640486101
ck_592a3520d841d11b,0.013515383249895263
ck_84d07028b5fca2f6,0.026710515306499063
ck_f4a2bb10afa85743,0.0033276592719212765
ck_4fe4b072f03f2c1e,0.0036437259997176715
ck_9ad08fcc183ea1e7,0.004452187594468011
ck_130d3848b9dcdb05,0.009760703605213247
ck_bb399ed6bf28c230,0.0314680621429839
ck_a31a64a39a2c4941,0.004406400773913377
ck_c49f25dfb39909cf,0.01864202585102922
ck_55f50a9ae2db8ff7,0.005977196696602161
ck_09faa4e771cf876b,0.01302507346011489
ck_df520a7a6e405889,0.012691384679360134
ck_8c8c98cc694ac900,0.02140418103620975
ck_7f0c4f609673ef62,0.012433628009499
ck_f51fe59cd445d2cb,0.013090566373785426
ck_b3fb83f0d772a831,0.015330725602213683
ck_d6e7e257751c299b,0.0047782603501540346
ck_0d362ddb4a1cb6d4,0.007833410565504349
ck_a574a08edaf81781,0.010553270346262097
ck_a823f5bcb0e4b9df,0.0009273987103971724
ck_f792586ad0381eac,0.015945522169188518
ck_54bfd70022c66983,0.005411116514213603
ck_fe0a9372c9372de9,0.0070840089263753845
ck_5691cd6fdb6d8147,0.023079967878816707
ck_a95f212a02433d23,0.0022127223821484716
ck_f5adad75e1c06731,0.04967381189064523
ck_e09c97520eb0533c,0.11364852214180722
ck_a1e13c0d58560340,0.0007763494080869548
ck_cacc2ca410cbe80b,0.02060732518397868
ck_c0dde2a6ef1e08c5,0.0013449167054800303
ck_a04403073c90ce38,0.001350788789823572
ck_03d3026107175dae,0.02076634049792771
ck_50176dae5b1b716d,0.002749871815005093
ck_6c084bfcb38e96c3,0.02799312726696341
ck_36d2be9012f7909e,0.05457165990317097
ck_958acf84c6137a22,0.031050284980456786
ck_114722e12db90a73,0.012705322585495402
ck_203c2a22c0c165ac,0.02899297096523699
ck_2c44ca550e5cfa82,0.015193057479801257
ck_df0a8f20ab8f14f4,0.023581393406380557
ck_826a27ff7555192e,0.019136091079357025
ck_09a988ebcf062297,0.036718840442670035
ck_5c82444b3b9160ae,0.03406996942970892
ck_f6a4a7ed27fe76fc,0.04265426693335338
ck_17de46314b5c6a92,0.0271355186038222
ck_335e63101b1e6c4c,0.12241454508012709
ck_c5eefc0697451de9,0.05069103085854541
ck_49a0efb5d4067b6f,0.09100563591738048
ck_c1f4509c8f5dac5c,0.012970565348637653
ck_57658eda1c59bc52,0.002668799395740066
ck_0d5c0736ec76385a,0.0012997440046086594
ck_e0239e6ae30795a7,0.0635667236296984
ck_e4459115cd8e5e4f,0.018707450489944304
ck_bb4aec09d4968dda,0.12040258331745252
ck_a1b4c96faed3e0db,0.01432200366294765
ck_8247b79ac67aae7d,0.029365723137517077
ck_fe2fc7d6e5d83f09,0.004288126249550669
ck_f6aea576cde8d592,0.0010143050502177528
ck_b7e7f7d0cd886412,0.04472239233362279
ck_ca7b993e8286af7f,0.0022538806019648102
ck_47de038381a9cd65,0.023588014729441383
ck_d38f941d09eec820,0.10394930666276565
ck_d9ba2a6c0d926b4d,0.005534954160938305
ck_cda72f597330d0f3,0.013200133009982792
ck_16d2d27fadeeacf7,0.004758015013366586
ck_be05447853d423a9,0.0018912063392317238
ck_cd92852d7376a4a8,0.003980929490688741
ck_2faf7ecccc9fec58,0.0028998949983727548
ck_db8733fd92f20cd7,0.0049439818408978445
ck_a9989a3a94c26634,0.022942038427623417
ck_957fb25437c75e41,0.05423624741860764
ck_e6a6caf6e7de17c2,0.013165495898396393
ck_f7bc569b37e8bdda,0.01128352617867444
ck_703b375dd86a6124,0.027098722130641694
ck_d3cfb3603f2c6ca3,0.034484860294809766
ck_07cb2b6f2a4303e1,0.03481363957622026
ck_31631e2028d4f855,0.025840395358511434
ck_1631bab0ba1256db,0.0172782393567614
ck_5fdafeaec036f016,0.025726387734603413
ck_6eda4c36aecad602,0.0071674024749905675
ck_bd1bf9e3e29de281,0.03622733688756753
ck_bf378ea558a4125f,0.5915763772121223
ck_7aa2deeda0e57412,0.9800150766222866
ck_d229cf7f5a3f38ca,0.01303150489508376
ck_9e109edd124492a5,0.01070669140133766
ck_779491819995625d,0.056511186825983786
ck_b89c6fa2ad0a12f5,0.013021125253735239
ck_1d01b4a609918c4e,0.9510554862977815
ck_714c5d7cb17bc9f2,0.00786151103689354
ck_269f1746f2609ed4,0.0066807322864071515
ck_4be03a2aa62b93c7,0.004274056411082353
ck_cf920313f6dd28fa,0.016368398202939144
ck_fb00aae4e17740c5,0.010549315419054952
ck_085d8c42739e2b10,0.9940391208052735
ck_c72a7d0d03cf3e17,0.10754740052289292
ck_8f6ca5d3b17eac6e,0.0021962615103782203
ck_d9573100bbff4014,0.21283746375424673
ck_79d6793d1d0cf43c,0.0022758988289314883
ck_91fa5032f7aff0f1,0.22717516857309675
ck_87110d84872c0fed,0.023300413955189118
ck_8220da627e9992a5,0.003976879853199602
ck_2ae44938847f3852,0.005228598216200906
ck_b0f191e44f9b6f35,0.0660209733091978
ck_3049d744b527f4d0,0.004156314615561422
ck_47d3e8d1dd3fbcef,0.015581419349274888
ck_ddf787359d2b5deb,0.0011362940587139854
ck_b27a9e39726b26d9,0.0036096698274385446
ck_80c4e9274cf976b6,0.9883180443568049
ck_c6afa913168ce8fa,0.013300467181034115
ck_52427b3f8478db19,0.017293999413355906
ck_3b810f15ca0eaa55,0.007999547539972209
ck_0c9e420f97baaa06,0.7695224580469324
ck_f8540cf3a8b2f8c9,0.030012802274905298
ck_1402d24dd623df72,0.008165527307876575
ck_eb4f4267e24d042c,0.009338270592744446
ck_6f661b428d6fb8e4,0.026701566584492447
ck_519a26ecf3d29c90,0.017596112860314875
ck_e886ba71d4a6fd73,0.025193190822746216
ck_437f9ecd2016a1a8,0.004899394663430226
ck_f01af1b0c977cc06,0.01469374508220056
ck_614f777c2eb5d537,0.005932339857471463
ck_b804e784cde9af8b,0.009739261256523139
ck_c2dccbc1b24b137b,0.07011042830640923
ck_1df4a1781a0f6999,0.04079129750983887
ck_bd2cdd53fca26171,0.01293439370916135
ck_424c254249a109f0,0.01646993895588782
ck_cf2ca4f286e289ba,0.04112693303498517
ck_6c33cb15b0d8af54,0.01281994499939108
ck_311d395fa9b8550a,0.034676297497077666
ck_9f792e7e721ff7f1,0.006811387739597643
ck_4c37586080edb7fd,0.0017131486924006549
ck_7c4f42c5397113b0,0.04142427307805435
ck_fc418f53ce4aa579,0.7729121189173599
ck_1ba28fb7ef726ce2,0.019126498303883313
ck_d932f98bf6b83956,0.06649988622925739
ck_248b3659a9239240,0.011566119847883445
ck_6a92cf5f4cf5de38,0.01370133364525185
ck_65519d0fb137e0c5,0.006248825211226166
ck_ddc3fc99eaba2064,0.02174139285090183
ck_7310cda3bc65a73f,0.004754657476707893
ck_c01c85bd631d4054,0.008454867186775194
ck_b4954d16b9749829,0.02451285792312904
ck_f301f6758e170d66,0.03186077966453393
ck_9bf95f8c47e7c7b4,0.01046075729336209
ck_c91b7fccf6aeb4a5,0.03375681830144878
ck_785fa45e86bc5e95,0.014130425069872552
ck_2a65f1cc23f1180e,0.00293459525323281
ck_a49a2c1f881a3560,0.003843056885020511
ck_def344d68f06d749,0.02174732611387775
ck_abbd1465fc730d78,0.010502366835649854
ck_07a5610ed28162fb,0.011271831005942545
ck_7ecdee2d7127be8b,0.03998798703191919
ck_67858bc00e81490d,0.0014869491209664654
ck_b4ad165ace910222,0.03727960154809452
ck_30753ffe481a1b8c,0.5545747724363843
ck_c401a26725b17177,0.0019815215809905248
ck_819988d8a7f26415,0.004454660801478575
ck_3364a1d9261b3638,0.003579980877992567
ck_c484c5bda389bf20,0.0019220712585326322
ck_ae416325fef92c9d,0.900024794305384
ck_5517b9a865960542,0.004602495788724822
ck_a0e96fed380440b2,0.006477965551966953
ck_e83409471d2b0b44,0.026051717995762502
ck_127273af97d7827d,0.006369392167052128
ck_aaa9861c91bd14dd,0.011228209952999293
ck_a378c58294001a36,0.7313486856165746
ck_abb9d65ff1f95b64,0.0034403424930679414
ck_a5ecbefa849ae569,0.011126565848417534
ck_aa9953c0ca2bed7b,0.0012815971101529547
ck_40bc6de252865f32,0.005297962787891308
ck_9fb11688dcfe1513,0.0193437564991603
ck_ba68841ca2ba073d,0.027571846645454076
ck_1d3e561a7d20be0a,0.988435707341253
ck_99a92d710a29c1d0,0.006220904041839744
ck_ede2e887697ffac0,0.003592087827644484
ck_e6de67c0d82a7b83,0.018385783436966535
ck_6b38763bf5ddbcef,0.010658517054295567
ck_8dd44eead7d765a5,0.022787226489903733
ck_30bf5b0056eea9e9,0.21757867741148915
ck_2981d16f8a51a8ed,0.026683129768159317
ck_fc60f42c68c7024f,0.04881914969279431
ck_8e2b2251ee224aa4,0.01399972981538282
ck_1906f0dfaf6e9bad,0.40028908353083026
ck_dcbe6814fc4ca0b4,0.0552348074649948
ck_f7e958a286ae3b57,0.00808604169634187
ck_713649668a7ca824,0.04622921907038235
ck_6f73cdbf9305e2ea,0.017163109398192197
ck_dd1c490050cd9051,0.024465006022081577
ck_e30db36e376606f7,0.1791511351069432
ck_740d8fe8028b5a2e,0.00943167231651478
ck_ebbc9418cd41f692,0.004887637449292349
ck_7b3cc6cc3f250f39,0.020860577684571453
ck_1d30eef7110809e5,0.42549228942772055
ck_77e0589ab339ca66,0.009873018515845641
ck_15ccbf8ff7d14086,0.019602288289563535
ck_246989b0c288664f,0.013864773829901079
ck_fc2a6e27b10b10e9,0.0020796349178175792
ck_8afc1112c12f5402,0.006735309629343809
ck_a76e8d83b9141364,0.03351523933933844
ck_51d3e8dd7465c015,0.004026540127447092
ck_e7b4016909405981,0.0026480102743637155
ck_e7a3cfb9bf908e80,0.019643203287732038
ck_2bb49dc2388cdc1e,0.004993317777523101
ck_94f4266ee7871345,0.007622171322076664
ck_b2c896beec146477,0.008661848969447654
ck_fcf5d4a4748cdd53,0.002306334900045123
ck_fd0483639811f62e,0.3295777469567449
ck_9a21d183524734aa,0.03489986567759403
ck_1df4b46c0a4c317d,0.026547990842105813
ck_638df9e8a22dfe0b,0.024097395256884493
ck_65acc43a6dc3e65d,0.02171933304748517
ck_7c67b73196e3d0d9,0.009765437684147385
ck_b0ee3a98175b462d,0.0048162897841189396
ck_20fad010969f1abf,0.004421272312058465
ck_54b087bd873af8b8,0.006770988749739833
ck_8007824431fa803b,0.0041573574675733025
ck_23aab322810b9fec,0.008826872512801124
ck_c8001bdb9aafc8a6,0.022944750391951894
ck_3a34c3ac83cf84b3,0.010713343597851858
ck_60187ac2c473a662,0.9367124907749333
ck_6a0ccd7357979f0f,0.05011271731485266
ck_27f20337bef5ffe0,0.03647961447602596
ck_f9fc468915afe49c,0.029935269769466404
ck_1eabc15a94bd9009,0.009126360656216635
ck_26896c494b2768ef,0.022919074256664004
ck_348c874eaf0354f4,0.024498529485392412
ck_be9c46acd216b45d,0.014884855571045326
ck_a3cce46d15cc20a2,0.07654501431713455
ck_70804f60d9704128,0.1000194760699605
ck_a019151ca8e7527a,0.051600525002251
ck_571133b2aa8ead51,0.034217049601810004
ck_0afa4449f20d5196,0.00948930252674441
ck_4d503c41cf4e5034,0.021867362707665067
ck_d6fb9cc5171e3e9b,0.6148360686278719
ck_05ed92a7c3e10e5d,0.026341847996945996
ck_bfb067986660afe3,0.06275306026750056
ck_c1a31690c8573226,0.006188858110938936
ck_cb88ef3dc1f42225,0.007846231884705113
ck_21e3b3bd998745e5,0.05374806202927292
ck_cf52e46fa54e4540,0.0024825935432666443
ck_b72c7ac4208052ab,0.016939491396789363
ck_e6465c56b337e6c2,0.012122728386056988
ck_5f87eb05d18186c0,0.002597510767150465
ck_263f6c5ff26b5e98,0.011808925752606387
ck_e0b7e2c0bbe228d9,0.008074127069248092
ck_b657ae3c146cb7bd,0.008163976847824701
ck_abac514d8167ea58,0.02697864528544814
ck_024dcab126876002,0.029786951731082124
ck_5d8481e2b38bd99d,0.012212306901171874
ck_edf229c17d25dac1,0.06730386383272399
ck_6cb7c97b72d6b5d3,0.033802910266514156
ck_c96ae2c28086a059,0.0332379265779192
ck_2f241b97c0f8389e,0.017911610764007473
ck_9158bdbb63ee8987,0.006067197147533472
ck_e7b40b60786c1530,0.008727191245961613
ck_66d38518f68e6194,0.0034077813491281334
ck_8c9b57ad2a991416,0.013939172754662707
ck_cc91bd7152d3e9ba,0.014195423999217414
ck_0d846660c7957a88,0.03561157896477247
ck_60896cdac2212bea,0.08295088349232133
ck_dc4db8b932df49de,0.08445947208547538
ck_2dc31db181150e20,0.00656278229928566
ck_2f138fce1171e277,0.056452134490734364
ck_68b8b859a6ef505b,0.02049534874225725
ck_c3fe0c6c5e1f40f6,0.009631713538447483
ck_15886fe84866de92,0.03434972886584164
ck_ea269b35406473e8,0.0037750949651589837
ck_3ce7cad1f69b71d6,0.010885404274311922
ck_054ed4288ee58d6e,0.07598006602551005
ck_3d4913a86f207fee,0.023704675465048154
ck_23ff85f9d2355e8d,0.009589172880036129
ck_d87ab3261322216a,0.0011530714999028048
ck_fac046ce336fe39d,0.016843813605323516
ck_beb97e498e6cf8e8,0.044476823433172066
ck_1f517e0ebf397b51,0.005633685533974334
ck_0af57ebaa45877a1,0.00356386000530588
ck_f99bc1732ce5e999,0.035011847738359636
ck_abb056a9deab275a,0.04671838601834217
ck_0bfc394c5faa65cb,0.011759232253580335
ck_ddc865af1dd5670e,0.012142716053561242
ck_68b5542459638b56,0.04679420949130928
ck_0b1d84252c0b46c2,0.007677795007823619
ck_520ec32c4f253604,0.020047630718356628
ck_79ffcfee599d77c7,0.015061816416936864
ck_eb224c0fd146253f,0.04442712091985833
ck_0e477084434da450,0.02187303741725533
ck_07840bba5570785b,0.11044585244060451
ck_6b67fe8e310ab865,0.021541842188443797
ck_e2a1068c2fa22525,0.01861555215406853
ck_b9c6b32f6bd92a3c,0.00524693877724503
ck_c1e7d1021ae58f00,0.002093138480997614
ck_5d7801201749ffde,0.022731373742750915
ck_c8806749e263f70b,0.002343623439269327
ck_c9eeab826781dc91,0.015371117612905777
ck_309a432c160a17b3,0.006724286148553317
ck_b22e3337b8e3dbb2,0.0047869760616294854
ck_79c30169c71b8033,0.8731142523878547
ck_5a6593d954085775,0.003094275164760751
ck_70b9b79ea1aacba8,0.044331345469033175
ck_63743141ffa11f45,0.010564098114202943
ck_dfd3dbd0d97a642b,0.013191698497899893
ck_635646a661f05b4a,0.01592877977613313
ck_4b123d6931b6d0d7,0.13533767742621056
ck_f2b0e7a47f442557,0.7545815571461048
ck_1b1df006b81d38ba,0.020914071840157002
ck_360237c1bd30f4bd,0.0049137549157260395
ck_5e84bca0e362da20,0.027506765862052755
ck_142dba210ed2f3b5,0.0833292437214647
ck_a3564236069e3524,0.08768201565738942
ck_cf36d8b070ded782,0.025107460930374862
ck_ddd6625c5eddad70,0.0018521301155538965
ck_ad54292a0b2f44ef,0.031177098647296234
ck_45cd5ef6b359e9b4,0.005821769238868535
ck_982c2392238b7be3,0.4322146783809867
ck_083e4ac78685c3bb,0.023530079530514718
ck_729cc0b46cc2e546,0.13292366574960887
ck_f2b8995fe5402759,0.004404824476922182
ck_73e24f5a8da289b3,0.06976305341191287
ck_bd85f30c36f5998d,0.033719817086502256
ck_ee4ff3aeadf912c1,0.008724803580592317
ck_63d2978706e193d2,0.017501280998296023
ck_6a0684436a1e66c3,0.5187306403720692
ck_182dc4a2f5a366da,0.0017288526989619332
ck_e6fecb82fc2a82de,0.008216668716875607
ck_cfb06f07394dfe64,0.002053996588559553
ck_7bbe1dc8add17ef0,0.022406078938356905
ck_5cacad76e02c8e3d,0.8409273417207392
ck_ca68dec0c7df5a12,0.01107847339978831
ck_e4c0fc52c82065d3,0.025620406218904674
ck_f9197b070416f443,0.007173087706248753
ck_2a07c7021b71cf65,0.021718633516925955
ck_4fa85cebf707de2c,0.0024328516414286396
ck_0063d2a9507467e5,0.007900464508568983
ck_ec986285fff05b7d,0.004789635229456843
ck_279d43303708109b,0.016819260728919913
ck_a406bf11e48cf8c5,0.07218775638721478
ck_064b2aa3f0bfdb6e,0.023878368995612895
ck_95790440bc4bd2d0,0.00831683665661907
ck_70066eea13b4c34f,0.006812741177596216
ck_19468fe07e26f992,0.9242002615875249
ck_86bfe328e0a533b9,0.6905469918408911
ck_ace3b96c977a7560,0.15361871398210405
ck_642344e5c652d8df,0.06659452647470906
ck_074be35c951ae10a,0.030477236404559013
ck_f14dce41036486a3,0.9917751656831206
ck_5cf67a3a747e684d,0.03811312455210903
ck_f7285b92648c1c81,0.009225784936736299
ck_bef3193f124fca5c,0.17360687789412826
ck_05c4dcbb45de1f8d,0.012140517093689396
ck_d7c28eaa05bb7144,0.009027426334862814
ck_320df984791a1b99,0.0065468270682070675
ck_f45bad1606fa00a7,0.007794674591392354
ck_6f81c199e986d9fc,0.015386573437084636
ck_d0c9633fed57c344,0.04911540019865155
ck_a3c25d6cc7478068,0.006998856307181733
ck_4185506d12cf9fa0,0.0007909425652455498
ck_7a02ee1bfba7353b,0.016562551911909047
ck_1b52590757c0fbeb,0.009019145290379579
ck_a0e5656e1cf9cbf5,0.00851349646224435
ck_ace21f6daef94f6e,0.009060087268225672
ck_646d8d0834782d6a,0.3470700703501804
ck_1f136a4476b5e775,0.010979344980978984
ck_325c7643cce02da3,0.051780466530876146
ck_9b5e7fe28208f5d1,0.009576482218871403
ck_05d81b1a150f31c5,0.006404466764848613
ck_0e9ec486bff403c5,0.024921687596044847
ck_ee13c091bc379188,0.02635763555795608
ck_f7a7f8f5903617c5,0.008564157585402183
ck_96c3a3517153390e,0.030052314687488264
ck_538dad7f096458ad,0.005512619977723507
ck_8758fc6622bbb7df,0.021505847699156616
ck_f7e53af3c91fec64,0.01890869560474457
ck_80b50fad7f255e1d,0.007920558714912625
ck_9645e7adc08631b5,0.032438094274634226
ck_e007aedbf37d6ec7,0.02012821156318196
ck_2951d76c41de2569,0.031026011665051624
ck_9439bff87e616d4a,0.013764754095539148
ck_a73045e96af0e4fe,0.026077790344857698
ck_7b382e533e2e925a,0.03339647564448612
ck_730226c2d216cacc,0.010818336174352836
ck_bdf837d761a7cec2,0.5746944097966251
ck_0b34197335ba3341,0.013415060360916
ck_49170c4b31a20f5c,0.002613255846558812
ck_cd553ba6589d8bfd,0.01609005201213866
ck_56b992c6f136fa5e,0.02833261584440329
ck_8beae3d7328fa41a,0.02009358205444363
ck_1a065ea906ae3d6a,0.007328248543945507
ck_e9e3381d5e0e5051,0.0019546436613039177
ck_a6d4f998dadc90c2,0.06654422351881226
ck_d36733da917115a6,0.02587820993376294
ck_e738e920bbd74a7d,0.009433429609971837
ck_af65eb885a51048d,0.005898779634964918
ck_73f4eb09af29b1c0,0.02192606728476469
ck_8fc641b1750a2542,0.08489717160545797
ck_41b954c7a948c060,0.01133697202172576
ck_25fc3010e8a0f6d7,0.012863465297097133
ck_a2624e0387974e0e,0.036400543211672486
ck_5cb9d7b2329d5ab6,0.04804630169731969
ck_6c83aa1d100a7cd8,0.05307206764534322
ck_67025c64588abd1e,0.0061332126464863565
ck_f5dde68f6f0468e1,0.0035743201337793463
ck_46bfb2cfc29a6d2e,0.021773283496196883
ck_49dddb894d33f6db,0.04752553257557985
ck_f738b633b8862d18,0.0009615030299636814
ck_3d6c3c00d854f5a4,0.05073247994960313
ck_cdb8061d8d1a6c5f,0.012939130136390338
ck_5e1b81848718bdc3,0.012829128323093018
ck_8def763034187436,0.014484821187169351
ck_8f8e4fb9c6190272,0.00935868898066692
ck_368b968b5f33431e,0.002427592480446562
ck_ba7e347251ea399b,0.027351214318319182
ck_9075432001a64e75,0.007293675708473594
ck_73c5371635aca173,0.8089534453912405
ck_81793387b38047cc,0.004284218517546636
ck_0cf220816e320ac5,0.0039952395969009725
ck_820219bb9c761b52,0.3463942217133924
ck_70a932ab39d86a24,0.0011037955369179104
ck_2c4be237a7ed79c7,0.001752846022728581
ck_acc764b49ef02826,0.2879469427110857
ck_74c3c3452e4e7cce,0.0037032808434115257
ck_34dfb57e5bf31d2f,0.06640559671384927
ck_6ec39903f765956d,0.04406023907742769
ck_5986119e7d81e831,0.01970928904570113
ck_2ddfc948b8eac752,0.3208020417724073
ck_921ff5ceaf40a968,0.01750587871006608
ck_fb3b68b4424b5f92,0.04286334908124196
ck_c3db1b3ad4f16679,0.008310105965984924
ck_124a197be41687f5,0.027997035694969908
ck_c58d9151834f5bad,0.016895724161741628
ck_389607982eb6b701,0.7056050496051606
ck_fb0c138c003e933a,0.002395198069622426
ck_50d0bb7edd8c69c0,0.03375887449884085
ck_c6cb651149dc9a8a,0.0053267618079203905
ck_81e21354e477eceb,0.04165558485205472
ck_7696e38b3e4197b0,0.019512000718437165
ck_586001d3ed9e7fbc,0.0017102078430336414
ck_bba413492dc46f2a,0.024841386834555133
ck_95b894380ad2702a,0.03704082022570764
ck_277621473369614f,0.9918652621876239
ck_a50621b5eeca84b4,0.0018851454835304734
ck_bfa7ba218b988cde,0.028489816592693916
ck_5ea89567dfe78e4b,0.016669004334179643
ck_6c679602a6476ab2,0.01044808784570307
ck_d3885e286b3b11d2,0.02420014822611918
ck_cdcf6671b37c9c92,0.008528136102058624
ck_b5c93e6d34f8d366,0.0040212099752311185
ck_c24f61925dc158d5,0.10688620825341114
ck_cd09375e6c81d2c4,0.032291169264016935
ck_a95afc7a00303a26,0.007631909625485909
ck_8e89ca8b39f3f8ad,0.004183393694788469
ck_9a84b396aada3fa8,0.07158084900526114
ck_5124a2e415384945,0.05360046972842903
ck_d66bb1f063357f99,0.006144510412058331
ck_0fd9312411b0ac55,0.018977625552037202
ck_ad8cbe6e27e47ede,0.016362350378078733
ck_8398adeaf41f9cae,0.011365081281399661
ck_dcf851e7bb5855d0,0.003086791413802672
ck_9affb0f26776b642,0.007768124745738918
ck_f0424b3b36bdbef0,0.03292418258516
ck_66746d1090d6d9e9,0.0015736277548295942
ck_e5f8c8a5824db594,0.004992256263076896
ck_3e91dcc209431984,0.024860479773052547
ck_126a82e8d42e5ce6,0.013655093921821229
ck_38e4a74ab256e2eb,0.008752728664853144
ck_1225a97fc413a419,0.05897226940523913
ck_9b5ec0f78e160e65,0.004409221527848154
ck_7c5529bcc079600b,0.012150476768346002
ck_29640fc2fe81c251,0.014193146030828665
ck_160e9ba0a3f7c1fd,0.016019685580325307
ck_bff090cb4ab76b9f,0.015040634372062624
ck_aa06ed358e43db69,0.09836901098606407
ck_7264486eb512d84a,0.008569985241621551
ck_f5a32e6160b28379,0.012846670524166656
ck_4ba8bec14c2217e1,0.007619404363071177
ck_610815786d729d2f,0.04412921356268545
ck_e267999226b6321b,0.0011424681477504599
ck_f3996a3c8eea1ea0,0.02407197042387933
ck_e9b75ed7567a3f23,0.030187655459349778
ck_d21612d48bb4f7b8,0.014956385128143141
ck_1f871df76c6a995b,0.03855017550114508
ck_953bd5de48ccd70f,0.7844246067341821
ck_02a9104419a6dbaf,0.025076104630261758
ck_1eeeee651e05d535,0.031643521926662754
ck_e2ab04136a442a98,0.015182417868276116
ck_f0d806624ef3d359,0.010753603011889257
ck_4b68b38c1b3326a3,0.006140216598405566
ck_74e60495f8861156,0.018664058177354045
ck_398f3f4cf05c721b,0.0030136803225492372
ck_f761b7650a0c1a85,0.022491943671528812
ck_7dadef33f5e2d94f,0.9854434520523127
ck_6ff6883633b8c7ba,0.0019495529639836004
ck_4d2159603045109e,0.011414029930618338
ck_a38bd07a5fac5c9a,0.0048978285128438714
ck_f517f06551e69507,0.016299990794633328
ck_a7ea00a1760ad561,0.98090316686739
ck_31fc51d5a3dfe16a,0.027698166212570277
ck_bac5233623b25ca4,0.009739705373294634
ck_385188ab27784fe3,0.041907962148725296
ck_9947a323bab5cacd,0.07231560636842752
ck_7973edc9f22ee7b6,0.039968297963278304
ck_f97c477986043755,0.013205096614960816
ck_1a3fd2cc4b4de196,0.003278419760600264
ck_e18ac29ea62cb435,0.042645184842344565
ck_9720a472a3e0140c,0.003213634685375294
ck_668c7fc7d7e47c0e,0.04754061205420758
ck_214af0806470ef48,0.00588994758171149
ck_a46c1773f01f0be7,0.0837507385662717
ck_f2bdcfb4203ffdee,0.03283060378981179
ck_40e84e6ffe788a4c,0.013681639387676343
ck_dfc6f5712d8d6678,0.08010685312507232
ck_01ef1036b2e66a4b,0.002924873022559926
ck_3acfec10eec32f9c,0.01639931253326504
ck_084a85145c15ed77,0.0701766736094952
ck_fcdb4fe2f095fba1,0.04004293620489448
ck_023908db0a193076,0.11074924582551779
ck_fec0ff92fd622253,0.012355200241427064
ck_c009c97d5fafbced,0.1045762631826514
ck_eb9f0c06ee017ee5,0.03166286987725642
ck_d7792b429620fc24,0.004285980620763986
ck_5e9e149a3b69c726,0.041866817808800603
ck_ce927322ef8f651c,0.024747910593349114
ck_b8fd61a8e82bce32,0.9817548578042864
ck_9aafc33fba1474cb,0.0036597741012713765
ck_ce81ff9b8b35562f,0.04109113613646645
ck_25bfca1d8eaa152d,0.015886607425949776
ck_170c65860e2a7e23,0.0039043609303287498
ck_952da7ca9f33decb,0.040302814701336974
ck_1ebd574406235957,0.04733665680057638
ck_589109a188adc2c1,0.0028638686687880058
ck_f0cbd5383bb07778,0.022279611173683846
ck_242521e261148fba,0.004937172468317363
ck_509cece86a558de4,0.009329752174103466
ck_0dd7c5925d28755c,0.007583539244228972
ck_a7e669cf1c3985aa,0.016568495520401433
ck_acb84dc2351eeb76,0.00409361480140848
ck_b837c7dac2a9b931,0.024416871650938955
ck_18eb1f9181f95df4,0.006092914475195899
ck_b0b9047dddb1ec84,0.15712651898177177
ck_43aa136bdb0a2832,0.2771687037236413
ck_3e47f8c56c811700,0.03906645418217778
ck_77c587d24695ea15,0.026772556099385943
ck_20578ac693ea4e93,0.024008801568415873
ck_b9f6040eebd1605f,0.045490685038490235
ck_ca9d86f65cfdf018,0.015791462883684746
ck_a4fa8833995c716a,0.012570656118729609
ck_f589f1e29301b5fd,0.018680896325303568
ck_961ddb8ff55d868e,0.0017372352400050188
ck_5662492a54e6688b,0.07938522183625353
ck_ad48826c1c26eb78,0.7545329472033091
ck_621c9ddde6bf2eca,0.024588732685141845
ck_417a3500b2c717b3,0.05194775164706294
ck_c7e129058beb3ac1,0.010589378124440831
ck_ec1c902b9b9b9c5f,0.16425816087416603
ck_317360ec0a67d27e,0.08894865634125297
ck_3e3ea5d8c4a229dc,0.07519486232694048
ck_d11d27de7bf0b973,0.2016210567098661
ck_d37d56e931105db0,0.007712601859827623
ck_4863077723cd6ce1,0.00206805998564253
ck_479a065d5903e9c3,0.009224037612062549
ck_e66ae4fd586fedea,0.0037971498744298407
ck_192bbfd0d5720134,0.023303001683111512
ck_3b436cb29af99f3d,0.032263612511523966
ck_7c7ca54969eed187,0.027217240681446434
ck_826ee896c9f1144d,0.19690516935578806
ck_ba1f6dd43fc8a0b1,0.007800841310481897
ck_49685deb63e4e8f8,0.017078038358925157
ck_687ab5d5554bfa79,0.013733303580810628
ck_41346ccd9242cc8f,0.002686168537254086
ck_8f8e5e2b9dfec3d1,0.024180277573925994
ck_94d5ce61a0c50465,0.01723363801637942
ck_6b954c75aad8c012,0.02356392877253058
ck_748af92828c9d288,0.00981105760708917
ck_dddd14091ce812c2,0.010644299780370865
ck_723323f6870fab59,0.08558593675633144
ck_dbdf8d0708cc6718,0.009016520715130899
ck_f04938570a154de3,0.01512215094135569
ck_58afa1550b3b5294,0.015540510464343066
ck_3b150afde386ecff,0.016760611133698654
ck_666b95e75d99ec4e,0.8482839640061682
ck_e00332597cf1eb24,0.020418021682930602
ck_9a9e3dac79280d7f,0.08301362618080636
ck_e8d37262e859d9a1,0.007889550407352204
ck_895bb39d24bc1c4c,0.0010706987633790767
ck_b367449195e36499,0.018360381238172994
ck_d23f9a50d1135ce1,0.10890168307725157
ck_670dc4910cf476c2,0.001763598296723735
ck_3ecd8a5ce65e21ca,0.004814651308067427
ck_8584fea2df4c6317,0.03618495864844875
ck_0789ff4562202b20,0.010280370778226203
ck_749e0e50c3907be8,0.0021737373301820165
ck_c3ff6790cc6d7e34,0.0063199421285710196
ck_75fb7e56432ee4b2,0.029930146713938715
ck_529fc3170fd11abd,0.09113119713781588
ck_34a69b3b4a681796,0.23876312324086352
ck_255f0e5888ae9e23,0.07240900691046738
ck_65be698386474170,0.004527702115844975
ck_5eec9ed855c26000,0.0019773703562450985
ck_5ab39bdc9610f6f3,0.5565977410769314
ck_1b5b75762f033462,0.012592057992440252
ck_d3e208671cf37f91,0.853890168126883
ck_5068ee554ceff971,0.022705653418511856
ck_d7d50fb57fcb2d0e,0.003150835258197148
ck_ba6e1115fceaa067,0.059501458726218606
ck_d07bfb16a4a7dac0,0.9276244880754089
ck_ead68310311690c8,0.7543254600901392
ck_ee53ce862bc9c111,0.031160852042955687
ck_97e56e6037024dff,0.007502282918129052
ck_80b04344c98ec072,0.008413333813520713
ck_5954f45a2ab45f43,0.018610462934747433
ck_18ddf7e836256e3b,0.021264085192438303
ck_89a1a780144d808b,0.016927911872075836
ck_a7331e8b808c39aa,0.05081036764576477
ck_a1fd0ad03ff9b776,0.01998645991411908
ck_c0cf50eef030b401,0.001598697540102734
ck_074f20921189e7d6,0.006080831027166594
ck_e2aa7be60794593d,0.1417986667744856
ck_72771757dfb7f7a8,0.033962505023670195
ck_a9cd84a6dddfe584,0.01620898183414319
ck_142c00f9f8557504,0.031356704090283245
ck_221b5d40358230f4,0.018320545892422664
ck_a2d7a563f520b7ea,0.013807537067347761
ck_66cd34bc568d95e0,0.03795815284889177
ck_a17128972d3e507d,0.016463936896224378
ck_bda299466bb2136e,0.02227609336945606
ck_2b699066665abe8a,0.01180730424289681
ck_0ac9848bd4ba0c14,0.0018006579790957634
ck_98d2f9a6ba3a3077,0.5268644033354128
ck_a872df31b28a5f7f,0.055168167748143905
ck_7e73e1d44ce82ed9,0.013166711643170416
ck_1a415416f620d49d,0.0068834689108127145
ck_c95c786d2f8b8edc,0.007588918126735411
ck_e45012f22b7f91d5,0.002562308309194792
ck_aa0b083e2a6813eb,0.0734218533653253
ck_4666232ddbf77756,0.011303252961693589
ck_e08e9c8ec5f23d8b,0.015217221135665203
ck_31d4c0518e5f52c6,0.009380746289552603
ck_c1ab40638f04cb02,0.009803007590378842
ck_4c1fdd1669c7cf51,0.006060065969354468
ck_11662cc7940ffc82,0.029945568066228057
ck_2e679af24adedac8,0.005482592530259866
ck_454b9e21b7f25a4c,0.0073831517334026235
ck_355c4f29089731e8,0.5144673820406374
ck_507e40760a24d2d5,0.01896396054407667
ck_0943e0f305078e34,0.9815702252238118
ck_abc54ed7111e9ed1,0.007905237479192258
ck_a60fe02fc04407a9,0.07750968318549754
ck_244b897bb4d57c1f,0.01251920457299052
ck_8c84fcde93a04334,0.1308847439968577
ck_9eea37d2de633b27,0.011515273785045112
ck_b2cb9e6610eca967,0.008849863830228606
ck_09aadb4c41b166f1,0.20634630952334332
ck_8d94fbb4828ef326,0.006854472500331836
ck_089e3a07abbe3b8f,0.006840497139161401
ck_dfee9de05e3971cf,0.0060291010583631574
ck_6abf8302ce052451,0.05883632492872493
ck_6ffa90143838a4a2,0.003210949165520207
ck_325caeab5c7a9c3a,0.01637388555197578
ck_1964ee9db929a173,0.8003149304315652
ck_942b95988a6245a6,0.025869267321470046
ck_913ecdeeb8e21a9c,0.011988677717955531
ck_ecf9794349eb4b3b,0.025125799255724487
ck_b6cb8d6ae828eed1,0.06460590665706764
ck_2f82ea66c4f53b33,0.10579140173427766
ck_6e676daa4855b58f,0.10599555891450349
ck_2a37fef48b44e9c8,0.019014686695635292
ck_3bd12d468fdc2450,0.014479649526055856
ck_1a28b6a40a6bd3b4,0.054640530170665245
ck_61b79dec96d15713,0.0020352700712718596
ck_31d5e3daced93d3c,0.008709296796445583
ck_e6c8611c0cf233d7,0.006959676792912607
ck_f04761b4a937ac3b,0.008785568000069436
ck_38c1c75cf055031b,0.04648340420396815
ck_59a561f3df01441a,0.035067014579136156
ck_04e40f556a5062ef,0.010476119537973583
ck_8409716d174635b6,0.019312722141895677
ck_3019afee83342701,0.025051661621071364
ck_b51a58e7f032c9a8,0.029596141470938503
ck_5043e474f848346d,0.01335479064645912
ck_4388abce33ecd01b,0.34790783035603634
ck_c93def7392f0aff5,0.06525511111678985
ck_72e7b1acc19df820,0.017050569459836955
ck_f253130dc3ca5b3c,0.011006537916037883
ck_eb264d1b180d4b4c,0.3648252522566188
ck_c2504f5a113433ee,0.0012133878712372406
ck_c16ab1e4dafb4910,0.1299209721958302
ck_4bc42878fa180991,0.02702242137952713
ck_1c771a7c78f6622c,0.030363012848815638
ck_d523f0e50a2747ad,0.005815612772121488
ck_9060f4e7ab7a1b0c,0.017250403365555843
ck_6b55ec4e87a5e22c,0.09783357801168895
ck_55fc62a5f89a7251,0.010246777733205715
ck_bd2545c62f258231,0.044640716386590965
ck_1ccdc69d0bb712b4,0.017777394819828464
ck_710f867a3bd5898c,0.0049560826771969
ck_f91d48c40337d375,0.01464465625190402
ck_f76d929541ed41dd,0.03688763174142181
ck_e26a6659c237b650,0.02161968215097522
ck_184983177b73dea5,0.008455599462728036
ck_6d0d081bfa8a0022,0.0296009238397767
ck_2f6e64f638da0f97,0.0038189845991103647
ck_15b93103ccd38609,0.007274490913623892
ck_094d10439b7b4eac,0.00821277041381896
ck_d2ca47180a926ba2,0.005234786628175718
ck_a69ca7b9d70972bb,0.002582739335717716
ck_68914e67343a7d32,0.005220734846615619
ck_8176616132458c0f,0.008090570318420729
ck_eee99af3598311b8,0.04254576291881728
ck_94410eedfca91304,0.01748394882855543
ck_cfb11a0a2325bff5,0.004467926774794487
ck_75217ee144b715f8,0.08877236862436802
ck_d56fc799542299b8,0.002177984789512952
ck_4c352dd3e7c81269,0.024815472423807414
ck_e23e50e02cb3904d,0.043972250282576425
ck_b921af37d500e139,0.027603352409611922
ck_82181b935360dcbc,0.9584570716432509
ck_22a7cf3b99c5e5fd,0.01832366668106016
ck_f67ee7910d532216,0.022189740121758103
ck_5f48762a14a0326f,0.003811502718167327
ck_1757fcb0e6e3f88e,0.27979628111170673
ck_2c2f080ba185016e,0.02671754889244263
ck_4c25570eb72711b8,0.0037197683653452957
ck_a3be871ca22ac416,0.03495560499890502
ck_ab70961e7c6695b2,0.007169660703110614
ck_a1cdebfc42a52448,0.003841737310405923
ck_f1b80b821a20186d,0.03346697277034043
ck_ae668e4564cd2aa1,0.005958417240847958
ck_0e2bc3a5afa439d8,0.025009750125657898
ck_3dc378f37d0b74b8,0.0091793476762792
ck_9f9555197480d1cd,0.019710532947906284
ck_bf4e7d48770a4a8b,0.04487341915886831
ck_614ef655f0685060,0.005008006818640187
ck_04d2ea38ee27770f,0.005209845530092983
ck_e03a9d8ac94161d5,0.005071550439128039
ck_d4007b5b26d9d854,0.0016849336877215841
ck_2dd147ce6d61749f,0.01878639166454752
ck_ff45764ea7d6619f,0.024636798572718253
ck_dbc487cb0a6c18da,0.8744969066266669
ck_791d5392bbd80447,0.005962094684963421
ck_b4068439c413b150,0.01008215550489428
ck_85df7b7de9700aba,0.004878680739581109
ck_001e42551cd06e40,0.028104097936975256
ck_a6c02ae50932cd9d,0.010998847954992366
ck_9fd0be2c018ff5e4,0.015384098171719488
ck_32a495128395fde5,0.017774786499624214
ck_b6f2a2fd232c141b,0.05382991507465199
ck_28dde633692904b0,0.14223924551891898
ck_a1a93c5f375f6021,0.004815977646942916
ck_e3982142336782df,0.03434309113774894
ck_a9812ff3c111ea94,0.01720137484459672
ck_f04062216f95fa00,0.027839083952686725
ck_7c560467daca735f,0.0007489336816099886
ck_76ee10d6e2dba70f,0.05479505196551758
ck_3521243bdac61178,0.015662628564989844
ck_28588fb03b320520,0.03679672229458399
ck_580dcec33ec232b8,0.0038390739380949087
ck_7109923fd7dab20a,0.03215451676863492
ck_7c872c99481c1e9e,0.011951618557483555
ck_46f4e1f5026f4d1b,0.0012927018103236685
ck_00d1ebc31ec4653c,0.01686842807794739
ck_aac70764dde15168,0.008411289093453959
ck_648c03f9aa4e45f1,0.013894570185235015
ck_5478eb69ef912785,0.2294023114526057
ck_79b8523137bb2603,0.055740439615752986
ck_795c49f312640019,0.0004851648013624295
ck_89184bf7b7fe41cd,0.20625230646343687
ck_97d4bd922996fa10,0.04178891064355839
ck_1cef30d08f3a598d,0.002228328639652297
ck_2f9fd36a4a40a6a8,0.0015732331382785666
ck_40780fc0f8d6f309,0.030785784742662768
ck_9083ca9fec2a7f4c,0.014821181640490025
ck_62081bc35aa59931,0.009583107351351965
ck_2e1b46c5fc56b863,0.08091943040014767
ck_3d139692c51b604a,0.06497306556077415
ck_b5e54e22e3d6960a,0.007104761420588195
ck_c0c4be3f44311b04,0.004972410180419226
ck_82a8bdd2692c2a5e,0.03841298692596648
ck_bdd2da300b530c5a,0.018947627803619735
ck_ee40498cd97183d3,0.00746068542530679
ck_70b9274473bd6dfe,0.005771374186576082
ck_473d6314ea614b29,0.0056859888326268974
ck_7443d6dca8cd1352,0.002172602359762042
ck_3b49768b448b071e,0.01862596683218591
ck_b43f04431c267dea,0.003947011472079417
ck_4424a5223ba2fe00,0.021997236850215974
ck_819bf3e8231f4081,0.02614651184951819
ck_91d417507a8c58cb,0.3747061250406587
ck_e88e86b19cada4aa,0.033925691781019
ck_59684167f9c6bf4c,0.05708876367546062
ck_d5f5b0dc97b9dc27,0.028501239774236662
ck_13d1b192bbff8f32,0.008897294852728029
ck_b21d8630387cabce,0.006472056601822854
ck_e4ac22046699b99f,0.01223081469895727
ck_74b848064f2ff45d,0.006987014287283061
ck_166aa980cc87fa77,0.03306732802900774
ck_98e337806104dd88,0.01973510600057912
ck_66eb09be007f0755,0.006956659674020566
ck_3ec9b9d8dd7be11c,0.013190024402129769
ck_8b8b9de339d75d0b,0.016629902740735968
ck_6715139e240007d9,0.017795092771765383
ck_a0255ab46e122d2f,0.003436052936872937
ck_66e81a4190c33510,0.00539340509927438
ck_5d75ea4f5c9080bc,0.4557612443039087
ck_df69858b8a8b3165,0.00985865658215133
ck_e15252ebd7553422,0.010423460278410637
ck_34d6d74bb3ed11e5,0.006621270832902509
ck_c2608f78f6851d10,0.01666214888548356
ck_bb99071e8f58c8a4,0.18220305816565846
ck_06010f0df5b7cef8,0.08899354649489577
ck_8c582eb0f6c0148c,0.004772618436544664
ck_0034d010d28aea78,0.015504565225695512
ck_01c1f06692566ca1,0.01448086433486322
ck_4807726e797fb893,0.020108066780007167
ck_edc9668282e3c8cb,0.0223960283396205
ck_5486768475af7bb5,0.9023576742728885
ck_3fb9813849e51837,0.010259322391987133
ck_861af5a9a9a6d619,0.005558936511504336
ck_da39653add0f1109,0.004241657638185197
ck_74a4244eb1f162e4,0.000947555975490711
ck_9a930faade55b8ea,0.004077733151290095
ck_fb6e06ca88519dcd,0.01083458029643813
ck_9776cd8263a9f415,0.005408869362664934
ck_b3dd1198ac5aea73,0.036547980483252446
ck_b6675a04df1a4276,0.008907534096903485
ck_5c7ad6e731b69333,0.2297778894788085
ck_28dc0fdbaec00580,0.13954126287799842
ck_8e7a32f7e3905f4e,0.027369297300878528
ck_8563fed6674afc77,0.010704811742097385
ck_9a2fcccb82da663e,0.017586221159049356
ck_6a519bdac0d94527,0.004691104360218096
ck_a0dab7aa9c4a39a9,0.010714664654647018
ck_a3ce05e9e5e32142,0.008639054038054374
ck_7a7e40ee3f97c035,0.03361019683456683
ck_9e9a830785112a73,0.022906952572035226
ck_ab1bb02f6b189304,0.07908813409574517
ck_7b8cb0f90fbdc8c6,0.004792877125442445
ck_b138fc249e659e60,0.009866823645496068
ck_e73caa3771ec5e0f,0.012211823848307027
ck_18a55b06ccccd88b,0.01782882089213649
ck_fdcb1d9265d8fec1,0.05545435018206606
ck_e21a900556b382ad,0.01519330800150949
ck_c6bf67470f526771,0.022685594349178488
ck_b568ba3837afb39a,0.0020309417326147402
ck_a2858979dd5645ef,0.0019654152429647927
ck_1da9d40837ebaa57,0.04100349834759042
ck_9341c7959543c542,0.0028712156961473887
ck_c8ad86806b9a2369,0.04359842327695375
ck_5c85d93ecfed4b0e,0.020923245898306565
ck_f07b09879d697b82,0.0016274032292757474
ck_fe43da07608b1749,0.015152215733564022
ck_4bca22b5926b9c28,0.002420301620396591
ck_aba573aa942b1d41,0.009957618205072566
ck_57c14e32fa4683bf,0.0033643822596203733
ck_891530b489ce402b,0.002625437817945702
ck_5e74fdadb93ff293,0.02288792420848476
ck_14436a409ebcc90f,0.006946034485494593
ck_00013fdfa0bd37dd,0.014042952236954427
ck_7dbe24ba01316775,0.049980271069589
ck_0e3f80c1553c591b,0.020577680133439497
ck_3edc45db58760d76,0.009981756587289657
ck_29076a13f539187a,0.26675973663122443
ck_b1e81b58b9a545ce,0.044186083043211664
ck_3f8571d4f7420b2a,0.04366999928896769
ck_7dff6abe4bd644dd,0.5398849412739674
ck_2884bab237af16b7,0.0077944997416532665
ck_231e6dd1fe708000,0.004301271950715877
ck_33ecaa7b892e73df,0.008130997310784267
ck_b109ec4c63503030,0.004172363451213434
ck_a7f522382509cef1,0.0031598709405617153
ck_748b3ea941d8b3b9,0.04371516776196697
ck_29f3a1737a2d9634,0.020626147801985295
ck_cee8d42475a0f020,0.011101392624875585
ck_c6b6ebe145a8ffab,0.011008514917938632
ck_21c99e1d6b881894,0.0038172731749885453
ck_5ad798286384484e,0.015400480576180068
ck_b621b6ffcc7f4848,0.05146125168364124
ck_ea819e337233475c,0.18230002336154694
ck_9e3896c2668ce06b,0.023433891467785826
ck_501dcf1ead036d2b,0.012151332012656302
ck_8d5eda29a2cffa3c,0.00937233976982787
ck_4d3aa36ff83f1132,0.44758727088112965
ck_8e9faf94e3e6c757,0.0021523644945104356
ck_ce0ec41f96951048,0.02074372078121783
ck_f09165d73ee903b1,0.014281536270776506
ck_a432b1bf1d3b3d5e,0.15443447837368968
ck_ea618f720ff0b4b0,0.013515015066106412
ck_7584e7bd755cb28a,0.03679585203225941
ck_e14681aad43e1a72,0.015364069067035345
ck_5e18870d8e30e379,0.013835225728475559
ck_ff7c26a62bda8089,0.0038741884099256834
ck_cc5a35175d381d5a,0.018112717719481995
ck_3c25029e40aa8a84,0.0027417682606828008
ck_771247b5bc16c12a,0.005070469407936533
ck_664b5e02759f985a,0.0027635118631673893
ck_692a9e8f504b9762,0.001480193535674279
ck_df8ad2deb0a4ffed,0.012421388205089093
ck_eb48c0bcd12ea654,0.03077013785417986
ck_7c77e597c951cdad,0.02492716485827975
ck_4f75144c6f3b13ad,0.01714753180816483
ck_1bcff399166d7c43,0.0074024324325151145
ck_975c2aa3d4a8c51a,0.00953933694392713
ck_bc6f07b06aaa4ce3,0.12070166149591975
ck_80b072b7f3c7e8e5,0.009822947315399467
ck_471e4018a23b4e56,0.0021206436631793176
ck_53cddfba570b4a3b,0.010968197318555445
ck_630530e50764f229,0.01842809252184242
ck_dcef7887a4f1e435,0.05294526712538709
ck_2795921a055643f6,0.008414378882187361
ck_7456df89f3792235,0.0042351210795258795
ck_5014a3b07e1f049f,0.5410342880457072
ck_d4ec44760cbe03f4,0.008896006347453063
ck_96810ad39d4cb7b0,0.07181794098379334
ck_3222ea25aa29bfa6,0.004678535574704577
ck_f6c42001b84a10cb,0.05893684347092278
ck_5ac86682385c86b8,0.007286802446458884
ck_4280c33af57eb4f4,0.006320491728449858
ck_05f79ddd8eefaa56,0.011482143776631532
ck_3a57a13ce032a6fe,0.0028595925456818393
ck_a721f0d635fad68a,0.006593235782612331
ck_a3f821bdf408c326,0.004945218757802863
ck_0ada63008be5685a,0.04528987516412328
ck_8c949bdc6e8720fa,0.05959895328398318
ck_c0d2c56f9c722e99,0.9465850282974361
ck_5d2b9e6e087b8dfc,0.9948634979866127
ck_5217b55593a332ca,0.14447488170912792
ck_7a7bb9be5a7e48ad,0.015238016050428039
ck_24cd0d779e866287,0.002874889304344575
ck_7367917891a63771,0.029229693028008177
ck_4b31a8862a857e6e,0.9378573227661674
ck_81429c4910ca46cd,0.0053880051290937135
ck_b35d803568f82d9a,0.025031786154441092
ck_4b00e75c2d2d0522,0.0016995120548085815
ck_77fced07f6dff42b,0.013389939505986796
ck_3c9a06eb07c300e4,0.006320070631758627
ck_b3867f7f494db64c,0.0031225593346487154
ck_0c45e54897ab34e2,0.05340300790349085
ck_507a6a580ab55c76,0.022043066587747406
ck_291bffc7809f896a,0.0030025409517010753
ck_3753cc5b9d02e2fd,0.006559958304064411
ck_4f63d5245b3ac1dd,0.013951876257957189
ck_9dfb2ae78659240a,0.02898966323523976
ck_90f6f5ced708aa75,0.0018171200718067884
ck_8b5b5a6b5539e39b,0.8415301572918886
ck_4719112b55d20161,0.018891719777474336
ck_fec888a7108ca52d,0.9656498213948569
ck_4f5d022c99f118b7,0.0889412682686346
ck_e967ff05514b697b,0.046125284971973754
ck_839ce35819bfa4fc,0.0010079659119813461
ck_bdee1221b9addff8,0.009539530122605507
ck_9cde4036d0914427,0.014714846024949055
ck_5ac959cbcc5e98f3,0.0043320608956208895
ck_619842688294dabc,0.010717283611841925
ck_7373d7b04c7799bd,0.023005387337253217
ck_c1dd3feb9a0b6471,0.03433612228136566
ck_0324a4812ec319c6,0.009438483568340416
ck_7f3685aa2933b251,0.09338540475707321
ck_06aee5a62a67a84c,0.044247265550477054
ck_3428910b44b9d08f,0.021362629970676585
ck_c3ba7534cefc1de8,0.013262812652750021
ck_1f1273a67cbad5e5,0.5592676504399848
ck_124565a11b2f8bb8,0.007404861547366098
ck_38e46bc861e0165b,0.019663559845878146
ck_c8ad3f01319c065e,0.031517234031397084
ck_3f94a34f5038f7c1,0.6329340336425
ck_cee56be5a502fbd1,0.13889391293402772
ck_2b90b76cf4d162f9,0.01053800084501631
ck_884b2e463ff1d54f,0.0071973026818403785
ck_fab4f2f8531b4827,0.02995503384359408
ck_4fc6256e0e60a926,0.029218589912976628
ck_0a2f8b2f8a5b6f02,0.01105580245670994
ck_9c0deab8a8367c5e,0.0020050568336688166
ck_d3a2a4c011fa2554,0.012703461911126878
ck_4108b4038f762817,0.011089742967434953
ck_4df036e2aa7e1056,0.008146180287518784
ck_ec094eb1cbb3efc5,0.003229927188284596
ck_09f8f51bfd2492c6,0.006928772763548165
ck_b60fb9a10d6f4489,0.05581347840905091
ck_3638bc3388dbc1bc,0.11817134542338346
ck_7a58e0cc9943c39a,0.011134345018734892
ck_37dab6a0a536ed49,0.050933727893704046
ck_adc576690df5b33b,0.015028181024056383
ck_1383b2b1875000f2,0.004246613871546325
ck_43c1248db37a2eb0,0.0021428353181707923
ck_29c11bd68858e923,0.002912709441737692
ck_9401f9e11f65337d,0.024399034698164623
ck_ce5ed372b1a2ed6b,0.02293548134535038
ck_08b4619490e751a8,0.7973776109988778
ck_44b9125526acb05d,0.013043021169451644
ck_ef1a1de20d2124cb,0.03964176554140079
ck_e5e2624b7fc89774,0.03491806576731713
ck_f5100511609b92c0,0.0011452577916926461
ck_64f3bb17101b7c42,0.005988352690948899
ck_ea1e5b5128ecba2c,0.004190258060647525
ck_516163fcf04d5e77,0.018330759853465696
ck_7f9a748110d70005,0.010658328377542799
ck_d263b55f0a681cce,0.017937182411143778
ck_0e962eacf98a813e,0.003654582263163619
ck_0406931800e0e2e6,0.00573652325958268
ck_0e9b982afc88a3a9,0.9871329306307104
ck_8bbb625384edebd7,0.0016713060577031624
ck_5eaeb87bf6207406,0.9266100385231673
ck_cc3318839c4b0745,0.004105224225456596
ck_08a0355d1f1890ef,0.008096796143180113
ck_af7ffd1a822460d3,0.3279211972746451
ck_2a09c7aa870edb6b,0.01124583959550563
ck_bc04f51c23290bcc,0.009669750315675102
ck_d3a8333cb389f4c6,0.02226516549273263
ck_88e3dd3039508332,0.01280716416181513
ck_b8c7771de9b57705,0.008363159992314177
ck_585ababa02383b50,0.008214331184069824
ck_e988c108754cee9c,0.015691229112070843
ck_4a691892d9d6cf89,0.0051123199880551305
ck_7cdce37d895eefb8,0.016473372496775156
ck_483fb981a1fb4317,0.005125634653945334
ck_c1e5182bd99e0e35,0.1228335773540617
ck_9a1e3ec9a1839939,0.014191277280852916
ck_5c3f13de0dbd5086,0.024212103508516873
ck_f4f6f0caaab70040,0.007640298809894271
ck_791be3378dd7d64c,0.011219167098067983
ck_956dd784525f5886,0.04485080569435325
ck_098167eaf124c279,0.026738651020517756
ck_33ecff7914349ebc,0.007164047708097729
ck_e05d44e46c7174e6,0.02457360810025225
ck_1b2ce474fa6582b4,0.04320754723929486
ck_ab581082e8f72e3d,0.005353748322845434
ck_e63256667aa19070,0.11770792731367481
ck_f568772b6cb3febe,0.04136139638419664
ck_dd89a282375bbab6,0.08588493455064833
ck_a39d0bca345b492d,0.008677912383601348
ck_d12d2924d0f7a64a,0.014699629745018684
ck_6a548da1728b5823,0.9849648927024128
ck_6d64193681d2a94f,0.022481867349540934
ck_ced6b6dcdc7c201a,0.009797344161191206
ck_d1b0699d26282871,0.06358693176361954
ck_58f757e40a9b8877,0.0391751709606133
ck_3272c2c4a37d5220,0.541929548565915
ck_d94dfde9e03c9d1a,0.01612185264535459
ck_08a6d4903a7fbaca,0.0185745126062096
ck_6c72a36b05fa0f4c,0.02290357247989613
ck_dbb4bd4eda97255d,0.04406030334041467
ck_94b59bbc824b307a,0.0035251255088288723
ck_0229a07185f15469,0.00819531234631108
ck_11bf1039f8b3025b,0.0077409729611061405
ck_36789ca11459131e,0.07448651557661026
ck_8572c5f5c1447c62,0.010541941443472676
ck_9e75c6641939f4fc,0.09719970472683223
ck_b45e47c39d4dc7bf,0.010176938763991764
ck_02903c48b6cfd65d,0.007228070505246069
ck_b153386f1729de81,0.012329975014189969
ck_36979996f33498f7,0.1767094945982875
ck_3c02d4dbbf6716b6,0.009487827361218825
ck_66c9a19963957531,0.051499108159866344
ck_bae8dae7cfd8baba,0.003137011766300412
ck_bba0ccc6cd968680,0.045883508958096376
ck_3267fe3aac05c71e,0.008212067416269717
ck_40052cac10562cde,0.020212490817301292
ck_d973444855403e2a,0.013581719552439907
ck_012519bb095ad36b,0.9905691146022741
ck_ad7c256ea10c4a00,0.09034423050327918
ck_70a60e095e9b706f,0.0024009223122736885
ck_f2734417c0db4ee3,0.002918417577608619
ck_9cb89cc3178e0172,0.005553465636001654
ck_779cc0f2de4d5488,0.14274632452539215
ck_35f8656bf93e3b3d,0.03004042664121124
ck_bdd8eba728800e29,0.031942822545488414
ck_002cf760d173f0f8,0.013201759718146428
ck_b046067c6ca3831e,0.005149803541895316
ck_a4a42d4bff8af645,0.014726269597070117
ck_bce253d2396681a1,0.013342943601511425
ck_00dafc060c8de32a,0.019474864171327464
ck_968a99e097ee78c9,0.09999451985003383
ck_66949171b387bb93,0.05275549201866676
ck_ad305286702b1958,0.0018812904514345558
ck_4732da7e0d2dfc7c,0.004157305067183602
ck_17a95bba77217d85,0.029637932422668233
ck_3e2516a3e35067e0,0.005000419066040005
ck_0b615ed566da1f58,0.016750213412025185
ck_d2b3ce1ebabe9f93,0.022384227640373178
ck_a892252e4e0c2828,0.0055038161444710566
ck_cf606fd6ebfdf9bc,0.008224923561298988
ck_718865237134ebe8,0.006959742602222273
ck_878522cb775b904c,0.040586512472460506
ck_9ed53de6ef779ae0,0.004459547078972227
ck_3f16e2cd7e6874cc,0.02231741513561843
ck_3c59df37895ead2d,0.010180914626278575
ck_6821459b626d492c,0.010374472659814978
ck_11c7667920541587,0.007669549621502833
ck_23a016cf6b98d89c,0.028777851780705428
ck_7137eeb394d200f1,0.0735784439854555
ck_9c4886c5c90ddbdc,0.0037073714323721998
ck_1422a7bf7756294d,0.9088449955259671
ck_7ebc5fa7f0d3b8f2,0.024104288138829713
ck_fcc2059a8d5c41fa,0.10091752325017761
ck_00ff7389d6a83e29,0.05699581258933973
ck_03129b41457795d2,0.02253277551036263
ck_38ba64efa7c38250,0.04811186855826118
ck_57a6b56b09bff24e,0.01194482062860711
ck_e3b3c5a80a567418,0.0051549199730967716
ck_fc40a16adfced018,0.0036003313182166397
ck_9d4b5e6b43bad4d8,0.030116280469358905
ck_61129937ee466b49,0.03451563698600335
ck_74112e47b8629c2a,0.07178071080126308
ck_b4703ee97f94d7fb,0.0283973313023313
ck_e560f720a988d8a2,0.1788154942416403
ck_708fea345f68037e,0.0024801546489175413
ck_25394c1b83e0b803,0.1215303142578359
ck_17ab24fe914ae44b,0.0018448873586803128
ck_16c501470d9bb006,0.0029469024248741484
ck_628f449e248c19b7,0.01932761330922335
ck_6d64190623dea714,0.004472386059258573
ck_504a45ee08db72b6,0.007335298403797177
ck_6cbb011e0c70bc7c,0.0050935099587291945
ck_b3225a98acd04f83,0.007450267050018011
ck_aa37993f1c17cd1e,0.04839671495019885
ck_558cfe5f77a55a9d,0.014411670403716059
ck_0d0a1a021efea5b6,0.01863111957623312
ck_daf7aea023b7a8f6,0.011271886525642245
ck_d75f25184ece2b51,0.0024175498784020635
ck_466d4b5366c50b98,0.006224293676595977
ck_88f27ab479063852,0.03137792361509803
ck_66779098e78c1760,0.008121811747341145
ck_b150fe4efb449b05,0.003967861049250689
ck_9c3aa9f23d01fa1c,0.005239582808980201
ck_6a01c375fc26705a,0.00689206072616959
ck_002eb6552b504ea1,0.01159128375233102
ck_affa5aa0bff9bb0c,0.027843236512172638
ck_027614eeba8b1a4b,0.007863739210611051
ck_67e075c982add719,0.0060092963408606755
ck_399b0d510be98bd2,0.012632868717031365
ck_e9b0bca7368555ef,0.002581594744887836
ck_59c29d9c57b4f994,0.10531175603728234
ck_37176850ed68831e,0.009355399386502506
ck_a0db4ccca08030c3,0.5585798063071858
ck_aa188e5c25f7f42a,0.05415138719823089
ck_7de6997178207800,0.0017940120650809402
ck_c729d19053387be9,0.05991673547075259
ck_f2d3e3d90608596d,0.40386727485424456
ck_2db3fb565e0211ee,0.003267406152060301
ck_bed8a480e27e911e,0.036859414733916664
ck_d7ad9921a4d25926,0.028191894387542077
ck_2a59f23fc5194699,0.07215502307654495
ck_63601a58a6120d8a,0.04540668278039612
ck_efd7b9e22c6317d6,0.017734951688306765
ck_9ab42875a0f95b43,0.034277086567346536
ck_85cb5033fca7c846,0.022953580439007994
ck_5249b223000915ec,0.017778029904518933
ck_3efb0e9bf25612c7,0.006628679330210567
ck_678e74532ac19700,0.011233421386068575
ck_a980b296c95153f9,0.013263477532363267
ck_01ac687ce0d696a7,0.02493387056987617
ck_52e1418cf1aa9871,0.015932682541161584
ck_7d28da4f1dab09ee,0.043143805014467615
ck_010d0c2e6c1657fd,0.02328946043401924
ck_b524f7a2e752b9d0,0.004298984209083416
ck_cc447fcc24a0772b,0.07582398826009194
ck_2cb3c99845e572da,0.002167428672117836
ck_604c710141327a81,0.006491654584855101
ck_8d5fa65717d2e0c6,0.013366229571335311
ck_31199510b40602a1,0.005999076273979001
ck_49e253ea12f4e922,0.09320209058984735
ck_780738e0d71e7e43,0.010182804348645177
ck_2cd21137a07fdd7d,0.0038349151994470413
ck_5e021f2a3b66e256,0.021240792167836697
ck_efbc79246e32c66a,0.04224930540599181
ck_9951bd806c13c7fd,0.029907518278951054
ck_7a52674e2806d8f5,0.031824838316732704
ck_1a319e509f1efa1a,0.0013110884834204534
ck_c920901b9a4ba993,0.9268994403722794
ck_b71279e807d0b3a7,0.01087056382187916
ck_47e1032f490bb018,0.011618584760532532
ck_192579ecdca7ff83,0.015429324047942252
ck_b1496c474c4a3239,0.003308625385466322
ck_5e68ea2c5e893cf0,0.05118446850718113
ck_f2ecab85d4693b4e,0.002752800220525952
ck_89d7bfc81c3df597,0.018519063202858985
ck_7929284327667791,0.06115743518743884
ck_494ec63c5ce8e150,0.010539397097817238
ck_319b059bb2145586,0.02343119720701946
ck_ccb3767c239018c1,0.004183609119997771
ck_a1c7adfe26e09a8c,0.030616601074417545
ck_0e13c4f73818149b,0.0229162620169466
ck_c285a51ed6214f52,0.18574885066024477
ck_916784595f028226,0.06528806271883492
ck_6cd8e0196365c474,0.016715629067957236
ck_57b657aba4daffde,0.03867061000432476
ck_562c76a3753fc7da,0.8029802723819629
ck_66cfc1ebc9a513c8,0.0032809730544332083
ck_0f38d4aed68d7d24,0.029104145444653822
ck_d8ddf5e99f7859e4,0.014663809544343114
ck_41bc3efa0fca700e,0.02459888894171515
ck_40799e129fcf42c5,0.11936577261560355
ck_786f079389126e44,0.03230831340801058
ck_bb4c6b713eb0b978,0.03310476511939958
ck_4f01f7eac0efaba5,0.00816495600506448
ck_47d29c01b20cf69f,0.02705560942691481
ck_bf15a1f8d67a30d3,0.029083042459890695
ck_bfecad7586f65e4d,0.038788098653390606
ck_fc9f16df35190eb4,0.43211471499974297
ck_c09c914e416edd08,0.010398595911249227
ck_c54c5d8e4433b0f2,0.0047850776242207155
ck_1694c28f44480e98,0.025468484292914737
ck_1dcaa3078dbb7571,0.001703327028155807
ck_af559f990c640e41,0.011337890096291428
ck_9b436162039a77d0,0.02795974562692607
ck_79d62ef181bd0cd8,0.007073979449616934
ck_23caafc2cd34242c,0.01174823470787529
ck_ffe2aa26f597e552,0.009438649891070119
ck_e6ffd0754ac08661,0.002211255584454052
ck_beaacb4a783db21f,0.0036131968228033133
ck_9863bff41d24ce9b,0.010817360698569678
ck_323b9cc5c49f8ea0,0.030386398820130073
ck_ab3de3d3e41c2082,0.01305832602395307
ck_35c93b2924900376,0.008510329815044276
ck_5a9d5f9901e37e31,0.023935402672104422
ck_782b0be796164335,0.0058771762186068666
ck_11960b5f1c7a5e2c,0.00909183452030956
ck_9a66cb13a9884cc2,0.011808197092052325
ck_ba666a425930615a,0.0015217654720378784
ck_40140bef4db73741,0.012014066293604941
ck_e05e91cc180063d4,0.07864810241392588
ck_c7f6f45710bc050f,0.008208181843552723
ck_055fb9f2e1c8c934,0.05944783099949155
ck_58bb02d98e2b9cd5,0.027636722564473477
ck_d9f8efa6a7800f76,0.007653139650243418
ck_69691226c68fd50b,0.2226881039860216
ck_6f2f0396e5b1c538,0.9473462867543416
ck_78bc3f1d0f35ea6c,0.008955198534801492
ck_2d5a6b6636a2596b,0.0037274821480115495
ck_7878545739af0a73,0.002853250854203893
ck_03c4fa4f3ed3512e,0.0026586621719298063
ck_1a9e51d092d62c84,0.23477110738503865
ck_9f3861940d8d873c,0.014355255663669275
ck_4684fdd61c6a0fac,0.012365257980072432
ck_715966f86d5c913d,0.003958947574397944
ck_77f293d44b4a3d2e,0.03720615634448327
ck_24dae044dc05f849,0.012281327027518472
ck_00b9818e2064405e,0.03298833674659919
ck_c1c2cb49c3c1b0f5,0.11279039100449648
ck_bed50fc64fbbf8ec,0.011463090495591246
ck_4f6ed5ea5ab7c429,0.010310989953494469
ck_458531c22ec2f9b3,0.010376957444397473
ck_51c50c4c443df31a,0.5923692526127093
ck_732d45bd578dc39d,0.019450689849826067
ck_783fe5bc20cd02db,0.02112872003694572
ck_7f188aaa63d1d442,0.008080711005128166
ck_ef307a6aee38d1fe,0.6856119980114461
ck_e37196b20968b73c,0.02297996958223479
ck_4ef9de711c3d93b1,0.03888228375881542
ck_17946516d5df71d7,0.008973444448850258
ck_3534be0f4efd313c,0.0106269474561629
ck_29fbabf855cabdff,0.005653574801598295
ck_191673540d8486af,0.051966509157237245
ck_5f52728d777ff2c5,0.01706533514885817
ck_a045a19369016818,0.9936863509217725
ck_4eadbe7298b15e96,0.010091218475663844
ck_a3a0bd59729fe619,0.01467946716192046
ck_a1e77090b1c6ccf4,0.011518554735804605
ck_69ab9d4784eb77bd,0.021495543855920046
ck_baa47383ffd50f04,0.009630249109908666
ck_e35b2ed08b9e55a7,0.012193602607267876
ck_b6e3af0a5119d9a0,0.055440997330263336
ck_a7c1dabf3869772f,0.06001225934727671
ck_80b8fca67a14e0be,0.20114535576164982
ck_dd9c5f0c42878e67,0.0026558631534787575
ck_41ef7967faf5ce82,0.006671546098040519
ck_a93560aa348d6225,0.025040665914502606
ck_ffe91d6f0bd93fc6,0.03705890173750505
ck_fbf630c960194033,0.0199693913392233
ck_497ed60723283c0b,0.03755869732315227
ck_2a46b7ca55239413,0.014821288722084613
ck_1a4e5ace078dd782,0.02021702778824771
ck_616cc31910f5de50,0.00646497203019544
ck_0d65bc749eb42710,0.01784574777285451
ck_2408db62e4395ccd,0.014504287434992123
ck_5d7721930106dce8,0.017443035043482637
ck_e8a6acea22b20312,0.3568270661094139
ck_e2f792fae128b18e,0.03754082105142166
ck_e6d3ce445b86003f,0.004162955306440823
ck_263334d722ecbc97,0.5124433910291396
ck_8c5b29f6666d4874,0.033904334412542265
ck_7ea0bf310fc20c7b,0.5719597201983685
ck_54d463f7fd89ec3d,0.07102715654275744
ck_79e45040dbdd6447,0.07517747251861046
ck_60b4d59953505682,0.6416296267306264
ck_fb00dd5021642507,0.014833091576674859
ck_f409ff994a210601,0.061788194177678696
ck_2ca0020038bfec58,0.19680310106171325
ck_adf84b9df54c3d80,0.037141923591337334
ck_942dbf632591b65d,0.02785818279113299
ck_454a7e4d859a3409,0.0010888092485095069
ck_2139062d4569aa07,0.0038157625697593785
ck_e949a0f4df0b3902,0.12820791447290578
ck_bb113e3e6716ed65,0.013779189421275012
ck_6a28ea6ce69cb869,0.11206558902647541
ck_7df9910af2bba21b,0.009904360365273908
ck_78aa4b731cbfe251,0.005058216268513651
ck_5839f5cbd8165b1e,0.07464406370938732
ck_7158ad9e58769ffa,0.061148103138702684
ck_acee218cbe61df69,0.028015889120376305
ck_f8dc8473c2772729,0.044010995455419824
ck_f34c93a8173555b1,0.020230964620860166
ck_7cf301d075e4e709,0.021524529580401318
ck_b87e88ee5512ea17,0.030372495480038172
ck_bed0c020b10afa3b,0.012169971364273717
ck_ca10102961f99eb4,0.007227107507004184
ck_393287947b5c8d79,0.01897394367825776
ck_2fe6cac002142f67,0.024858370055063198
ck_79c7f0d29b1db1cd,0.062245819977898645
ck_c735b643d3cbf67b,0.012558580292406241
ck_ea4332c8fe48e2a3,0.011751383066565336
ck_d39864119cdd460f,0.007135573194605192
ck_3b963d6be2773861,0.006445890618786364
ck_df39e3b8a9fd0bfd,0.5626159465751612
ck_6236a461dc0d11a3,0.006578309355913053
ck_475ebccca25e30d1,0.010041715087251494
ck_c10c8bcf5bcd516e,0.07003575624648296
ck_49ccc3716a564256,0.01975656438547278
ck_4e4f99102f6938cf,0.003855571873803671
ck_a97b481ade6f7972,0.036902850472737836
ck_3fa559c679751b3a,0.018359445068895305
ck_3eba1fd2c7acc4c0,0.3823482313980778
ck_18c179b4afc4fccc,0.02289898499662265
ck_cc1c0b93d05b7d20,0.24247273159048752
ck_742f7c28ddd019e8,0.042228562619627846
ck_04470bc93b8a0d71,0.009050423501710423
ck_6e8f8ef7a03cc6bf,0.023743505006802525
ck_eb1ddfc353b4da83,0.003031969001457426
ck_98831b57c7ca2e4f,0.0023907898985830248
ck_a6c7b8d6e8596d4f,0.020943129665273
ck_cd7d24e3b095e96e,0.054887901614321964
ck_3f5ae4673a9f858e,0.011027151530553957
ck_05f375fc8ae0afb0,0.005272559151971713
ck_1fc98436281ee39e,0.0032862853975422785
ck_6c48c58678f64bae,0.0038255377284927812
ck_8c95aeec6a4c75b0,0.003781960623645052
ck_364cde38958b7af3,0.2628984701745575
ck_85bf21aa1a00452f,0.006512378525490878
ck_796d3eaabc667c23,0.9943042580692858
ck_ac449ee0c315edde,0.0025610974982492045
ck_6f9fd15ac6b163de,0.0075015912462826325
ck_4087065be2a45ad7,0.20402499241606745
ck_ecf006bbc78ee3eb,0.1956799207053158
ck_8ca808cc5a49cb5c,0.014219573647439532
ck_94b90ab8b2dfb50f,0.024177926259662526
ck_59fd11b3232de9dc,0.9476292859144617
ck_67f3794d93e2dd67,0.07726189512479135
ck_b7f5acf5df1bb13e,0.008717619541080222
ck_fb04ecbaebb774bd,0.006018390196787644
ck_68ef3e7301c621b7,0.026334581960402052
ck_41406cfa209b6bda,0.002355582257534266
ck_b0f8f5408662337b,0.004688608385354278
ck_0d2901bfe585c391,0.11230926393052842
ck_3398551e81dbf3db,0.034507680699733145
ck_61c3e3e277629646,0.0304365224829192
ck_2825e34dd3e7ea2a,0.003651026586432961
ck_20d7571ba830009d,0.024566561540494695
ck_c98b16f9a72a6568,0.0026574152467426404
ck_e7c8a9e4641eb9ed,0.0014178270174411225
ck_254a7c97c36dab8d,0.022809218319454715
ck_e98429675b46272b,0.006149289288061128
ck_c2fc0ac460786d02,0.0628101612148549
ck_fba15647b3a140d9,0.004951957667736947
ck_15ce50f2704227be,0.009709592055643089
ck_8c748aaa4a4554f9,0.018879286505558163
ck_e00e82a9419ff086,0.035305035987553135
ck_832341c98254bd84,0.029220107036568976
ck_27466468d06db4eb,0.0792905868879539
ck_9d7b9e3ff1f3e71e,0.008909610119297919
ck_42c6973d3a6fe983,0.004282446417947953
ck_877c85bad118bc62,0.049385999673512364
ck_75d2a2715259c4d7,0.058927697874233825
ck_37d3e5c681a2214d,0.262759264170694
ck_bf285dd49f372de4,0.011297925940183846
ck_a5bdd026fa9c50fd,0.007735070546393019
ck_88d9244a9cf7a77e,0.43774190528732293
ck_5881b174e49b04ee,0.0033543636003859146
ck_5b16d67c5ea89930,0.01664807230564002
ck_b75b936aafac56b9,0.028051453053527797
ck_aed2681e1646a0df,0.023914979275634955
ck_f63cb5e8cc702bad,0.011263301352868552
ck_1805fcfc4a9e4ffa,0.9147483352627489
ck_25c355da356c730d,0.02018959849208884
ck_70396398e4a96449,0.012999034856987966
ck_0f743bd13373748e,0.02080161432233263
ck_4b387765f0e916cd,0.0011041713703531903
ck_e971faae8a10a260,0.005579633059507827
ck_9eb08369e983abfa,0.0018412781580910186
ck_c30c5844512e429f,0.053950124467821194
ck_59e77e3a81f1fa0d,0.0178541366174396
ck_ca4465f2b5c1a52e,0.9772150653596527
ck_c89b9ca398402f1e,0.003561392718729782
ck_36e72ef9273e7a95,0.005834695185123917
ck_2bdd8616870e5e1c,0.0008536494438160925
ck_216e87a41de22b5d,0.05435218459900158
ck_60f4fb44f5efe3a0,0.004051654464357105
ck_05652e8ace6ce6cb,0.009122418282395845
ck_8c136dc691e65695,0.001134575961326818
ck_a08f8dfadbdca112,0.037464531299081505
ck_bda4041a3e90d860,0.008874474188556478
ck_15dd3ecaa8ce0245,0.6435727320535071
ck_3e3c64b3b7876ce6,0.06657109135716041
ck_46225858a38b2e57,0.010257668440805801
ck_0cb9f54928f4feee,0.02345417583777949
ck_152671fbf8a9a78e,0.08818954420141423
ck_ee7a515e87d17d4e,0.022542944771319982
ck_f7276091bf513d22,0.001211372556172295
ck_4f05daf1cf0d5755,0.010339284604542736
ck_83a69c4a5d55ef19,0.043476907035562465
ck_c50fed2a7c9198c0,0.012448415247577225
ck_70d19d5650ddc8f5,0.014974944608995185
ck_4b4d99e443618904,0.02012930148602966
ck_dca0b6ca93311ca2,0.10612591243784633
ck_b7431d4706461ec6,0.00992956125370715
ck_7b59d22cadef3b05,0.2922052166323939
ck_53428573abcd606f,0.024329839694142368
ck_f538ab6aecf2adfd,0.0015134634286677296
ck_d321249fb065d2fa,0.12086555148474049
ck_72fdfc7e6d8e1436,0.004355994617941276
ck_b52b99dad89ecdfb,0.01628021724629024
ck_d2d4282f9d256b3e,0.009525475538366272
ck_c8f2a1dd8a6141a4,0.0034277621620362277
ck_8d38747058d0aeea,0.4267541156328548
ck_3ac528caac74f563,0.008844260522198529
ck_8dbaaa00ad829ca9,0.030055968918586973
ck_7c38ec898f0fc21d,0.00813559724015562
ck_8171ef803f5ff604,0.012357969738192299
ck_01a750db6fc1168a,0.18486121773902156
ck_ceb017baa26e98c8,0.04511464959960921
ck_e2c66c72cc0b0f78,0.10295397317502913
ck_8d9518f64b222416,0.013353217879477923
ck_804c5a1fa5753617,0.0069723757318439815
ck_fca7cc9c42695453,0.013008944058417815
ck_3a632cdf2c19051b,0.022072945498552897
ck_b2b63ea65edf1dde,0.08153832745561783
ck_27b07021500ee841,0.03072449442099702
ck_9724718fe64c6557,0.9523426532387054
ck_2786cbc3e75ec034,0.09554492795978071
ck_d9c2622cb6df380b,0.017226985982680614
ck_ae1da8ee98e402a4,0.015689863492489107
ck_62967b91504149f9,0.006101956117776914
ck_6b255bf68709109a,0.02143183766644247
ck_c55afc68421d85e2,0.013993260065369707
ck_7c7266f6ef2a8466,0.025297616967776056
ck_885cf685a9541190,0.7887315743305492
ck_1a4bb7d3d2ee3227,0.018711637327825926
ck_b4911c42f3bff740,0.000947894959481969
ck_66f9f78d4c6a3edb,0.023995102087727413
ck_49bdba9ee1899dfe,0.018214287704285362
ck_79b235d51718435d,0.021320357387188953
ck_d840db8cfe2ef6f1,0.0026309725590582997
ck_610c7bcc1cd7ecb0,0.019303692456755388
ck_cf49b6544aff6c50,0.48317838924163564
ck_de05f97c3d40dd1b,0.05831363933771306
ck_0302f67d75973dce,0.011011833743761149
ck_54c2604c9ca6256b,0.008006310956595623
ck_a1c88c0568f142d0,0.14828840890813402
ck_5d72ff6cc2963d1a,0.004362507177465295
ck_0446920a1004c596,0.0016491595528575563
ck_71044c29ef071570,0.008537500721918098
ck_2122e9bb1afffef7,0.006562661597737013
ck_d1e3de178601d3c2,0.023012351760943878
ck_bec8324a3587ef04,0.005250982553425552
ck_b616b6f45225f319,0.053687965215545405
ck_ce1e695884511479,0.013526216554074058
ck_a662b4bf900781e4,0.0007315813455074513
ck_b5a84c5547378c10,0.006732061420207199
ck_f80af368cfc6cb7e,0.01869341992959029
ck_da3526ab6c5c884a,0.024963225242243682
ck_bd20be9a3392d79b,0.005806797299191474
ck_b8266dcd90cbfa62,0.004417757391537622
ck_ac84b33304362c06,0.019098139281527524
ck_794d8935a895e33f,0.027850023711524608
ck_8fea7d915259f1be,0.0077694666166756255
ck_7a1519ad5ff45312,0.002185097282636887
ck_9bf3ce30b65f75c7,0.03690540322710802
ck_5f864d72d1eead99,0.12801454867605153
ck_3c48e0cfc2a58041,0.18053912631178912
ck_d902183f80cc81fa,0.012485896896734768
ck_539cb0d117db8cd3,0.1829361468992589
ck_28f530aec8e77130,0.026779328334072657
ck_e7d903c50d353361,0.061626900710524665
ck_d288b77d1e227970,0.026939240574306352
ck_017208fcc01b5d40,0.004937350642419007
ck_7e3923d278a5106e,0.015047594618315414
ck_9700a00ff9e66216,0.03458808508349694
ck_5c36c78b7a4d138c,0.042044967607055325
ck_c457e9c9224b773d,0.009761439114431423
ck_1dfa91405d7e66bc,0.02553593169122858
ck_f1d8a2695a575e56,0.003247544828320113
ck_3b92a46daf8d00d2,0.018444491636197793
ck_aab23b5470469649,0.01679004486558277
ck_ecdd01a391610d99,0.005387721544961003
ck_abd3aa292f8edb4d,0.033669085672453525
ck_7fc9a0776e1339e3,0.003828296400726745
ck_c0389ebeb0e65cb8,0.0021381716087031234
ck_48d0fc4f6a2109fa,0.9843519780176601
ck_571dee4f3336c7ce,0.013313374908176303
ck_4cedf26628c84f26,0.041691815615154185
ck_63356762d24aab81,0.012022228572337245
ck_2c5bc11bb7ae5d2c,0.9594409689395199
ck_6d26a152f900fee8,0.005803797280674841
ck_c972b0e781efed3b,0.013139495963160995
ck_fa0ecbcf9a33d6ce,0.006530533833501445
ck_fa3a766e49dc77ae,0.008796185168099617
ck_7baf1e55db0dc558,0.016165949842916215
ck_e8bc49e6494c1f37,0.006531702842704219
ck_8ef1d05cc1e53e7e,0.031725552514735106
ck_cef2a485a77e0723,0.003034719765098106
ck_228a583f23abff48,0.01836378853860053
ck_ac32c6e374782b27,0.024154329787330203
ck_b9485218cef413f0,0.007500658856349842
ck_7f15503048915d6f,0.008850030657604955
ck_b62f5144db15ad34,0.04441551733642835
ck_917d82c552f95a23,0.029326472762228058
ck_fb4797045077bc6d,0.0029062659314535596
ck_2cf8a44e041217de,0.12677431364207278
ck_b7dd681eb3d2ee38,0.01819313574440565
ck_e9e8cacd2fa35e79,0.016798626961871548
ck_342a79f91de5d1fa,0.027969871698899623
ck_2c91f62c05685ed7,0.03346967643736229
ck_e30cb64302939f38,0.03274841671949962
ck_d0e95b90ba86da10,0.015211085613645628
ck_1774faf414a5d49d,0.6084487238534506
ck_2401e8ff89e574fd,0.6727985844770084
ck_0cd8802264e0a1ef,0.01736534358679202
ck_da84a0dfe947fd3c,0.004542317728693016
ck_c8affb27ba7fb5db,0.05315036791601959
ck_bc7ece8787ca7200,0.008669053364194974
ck_469a0578d05990c2,0.008528481389984613
ck_eef67f8dea702338,0.0195735709857383
ck_4f490e379e9ded9a,0.019899516756423947
ck_354379de065a8ff8,0.00692922877895198
ck_5db1cb368bc41ac3,0.008189520459485
ck_9b1c3742dd6fcb8b,0.023178751271746588
ck_63ce4f44c92d7143,0.020317207895001462
ck_e15e3390f5ed45f3,0.009761551264190397
ck_da645ea91d66aa6f,0.35742513870492454
ck_834ca727df855f07,0.06434848557191415
ck_e1d5ad20c737c745,0.05053383589572187
ck_ff8059ae5fa5f1ee,0.0018297026628449598
ck_8bb9e75393954a1f,0.002622619312510346
ck_4e1757d1347ab387,0.9906046364897304
ck_af3f74b1d75a5d95,0.005606018322565636
ck_6b1ab0742ff04c3e,0.028131457834496484
ck_f56073911c9f1ab7,0.010326116483094136
ck_51bd5f69b4fe0b92,0.4990589835694088
ck_fc3d95030b81f416,0.001260845379249735
ck_cf78169633a1600f,0.0028568726762258465
ck_ad7269eaa65c67f9,0.012789051435962968
ck_cc6d33890d47a6cf,0.01972461606252106
ck_bc8f31f4a2ffa1ae,0.025845752797783055
ck_720776a46e56dfa8,0.014536871966786456
ck_e2d1f212f259539b,0.012270025846131658
ck_eaf6f7082c3db2bf,0.04919041445584574
ck_773efe58c6278c3c,0.05701424529877483
ck_c4a72c09f2fdacc4,0.008864074888163606
ck_8982888dd6611143,0.006874034683069309
ck_9d5049e195eda029,0.016803640498928303
ck_de58ef6f9fe2b546,0.012235666985481843
ck_c0b50c11e4f5adf7,0.06524105593119041
ck_ddaf228487858bb8,0.03237022671746171
ck_eb2323215ff70362,0.03731382660422951
ck_168c96a1a636ea15,0.022088046045283347
ck_9c46711b14d9eebc,0.006816622160791716
ck_de8af660806b97b5,0.003831008931756335
ck_6ab83f45bf16eaa6,0.007072091285500655
ck_bf2228a052815840,0.04184276061534695
ck_3f943f20a9da9bff,0.026431914629968863
ck_3baae40454c00938,0.011494233914510276
ck_bc2e771a1d8d2dee,0.04007817828797429
ck_e55f5ca37f30ce8c,0.008136977075560554
ck_4ad5937bef176d89,0.006182665072415901
ck_126531a9126c17c4,0.005182682935823069
ck_7ec423cb56257516,0.030554993818143736
ck_54748ae0f2daaf10,0.025388284438376513
ck_ff24776280ceeeed,0.009525047239467422
ck_3c3a1a1365741bba,0.006218860730653122
ck_615277c8a4e2b18b,0.004685550240399121
ck_a96aaef34173aee6,0.06914501743760144
ck_bea56db7f3e930e8,0.004281557021721003
ck_ca491debd3b32a59,0.0342608009835698
ck_d9ea77f4114a389c,0.004683116081428978
ck_322ffda3332d08a2,0.05801083329433216
ck_c40ffefe4e30b001,0.0387893883366821
ck_3b1d7648d4580bef,0.007672425468106178
ck_23981a3261674131,0.006596374998507435
ck_11667f5b9fac7bc7,0.0030856715773514725
ck_646bb3c7be5f0817,0.01148008679784681
ck_ebd0a45712dcf07a,0.00621148017330508
ck_baf43bf1bd963f9f,0.017228970630206435
ck_e0ca2c819658f6b6,0.9909771223474422
ck_f0d6633d0834fff5,0.02043925843080899
ck_91081be0254878a5,0.02146621349416549
ck_1325000bc7f35b5e,0.0034557557209409684
ck_c624b9063400fa3a,0.05940107645327609
ck_0ad6fa0e23c3bd0a,0.07392555927131758
ck_6ddb55b1f23c6cb1,0.021172240624926886
ck_dce1fb3acd65562f,0.002997058824120389
ck_a9aa389688ee5aea,0.0068675639693311225
ck_5c5284c45d9ad8bf,0.05666820907251946
ck_9ce743dd3e92549c,0.013956281339113436
ck_8342e08cc2f9bcb7,0.0063780506366004205
ck_25e551a0a8d2fcc2,0.04725951985876989
ck_d4fd0e438c97e0c7,0.09507078521578338
ck_ac7fe1c344190c50,0.008584303717423416
ck_ddd65711b5651f89,0.0015856015150705319
ck_ec7406cb5cbc8f10,0.0031001726723338587
ck_1c65e8d5be3b9c60,0.24846101064256115
ck_38ee42f15a573e81,0.022130653341127116
ck_0e5385c70c6de025,0.01588963058632291
ck_d3137f0f7629040b,0.005310246632018539
ck_9129c92c12e0c8b4,0.002774566446212713
ck_c86520a00e50a926,0.023168969519339316
ck_87f82b2b5fee757a,0.011796175856812582
ck_643abfbd7548d0c9,0.022878138759463425
ck_be51f4e5e6b85768,0.04467183470407171
ck_132c16312f37810f,0.006178985488351962
ck_c78c096ca8cb33ac,0.001932642783771957
ck_2ce5afbc014763b8,0.0458500168515124
ck_50ed8f4e7ae6710f,0.012104209767437826
ck_5a4eb535c9a11993,0.009928233875342031
ck_9b665ef46d785324,0.006869462172626217
ck_e066f71f8b296b7a,0.005870002388758891
ck_560bc6017870ab06,0.005489182025549103
ck_fd78f8a8663646d7,0.0062245563674281305
ck_4af5ec61ddbde1a4,0.04648638522040556
ck_c2ed04a9d218410b,0.0016733440215353189
ck_2455d43bbdd2bb69,0.013887704354941098
ck_56eed7041add49a1,0.18925189170687415
ck_5f0be7b468a72333,0.010532870201923207
ck_19660cec756632ca,0.011394881256630776
ck_fb90408f4892a21f,0.006118718517244949
ck_833a65b86a5d9bda,0.0013853697731289081
ck_2ac36e1dff211d38,0.011603823111344174
ck_c00e70606904539a,0.0032190968805105554
ck_ba8affe4b9505a95,0.4601716410462703
ck_0c3dd22587b08018,0.06307019245318447
ck_618c4e5cfae99dcd,0.022100720667636693
ck_c9690baddfc4177e,0.002861231075395995
ck_59fae092fb0c4aa3,0.012665848053955315
ck_e03b7d0fa0b28f4b,0.007438650643961013
ck_d451d24c780b5884,0.008961075443963188
ck_e980d325b8dbb8dd,0.0015825362800750784
ck_cff18e2d8c520272,0.010816184104896548
ck_a0e46b67e986ab56,0.01591008693962582
ck_3a469039a5b9d963,0.010024287724019375
ck_12cbb211ebd2b437,0.04869236648109418
ck_b8cdd6d6dccc4554,0.0024238224115075767
ck_794ba5921cef50c9,0.027298505926946815
ck_2c7667f64edec2b5,0.010326028680941944
ck_7262b4e0c29c942d,0.010996420554319012
ck_5d818522cbfe2a54,0.05316152135592354
ck_de39c1947fb675ee,0.05341448362130559
ck_c021495606b4735e,0.00573078279484578
ck_1fc03ba33edd9e67,0.043383825984156896
ck_a6fe344bbf67f14b,0.011679428496260958
ck_963762210edc5694,0.03361531853824736
ck_d064428b7e7dc409,0.009383927894768442
ck_59be61b53d971611,0.007708588169449366
ck_ec8738ec663cd2eb,0.01058697035796257
ck_59d086fab5998646,0.012047016559344675
ck_bd32dd3b2cbb7888,0.9924567300881055
ck_ce0166addb93bbad,0.0013285765072953144
ck_7c0fdfbb447cdc04,0.014287305778589193
ck_cb1bd7635968ed8c,0.09817796879141094
ck_66f94903177f20eb,0.014578842079645044
ck_1d7cd5dcbcdafd7b,0.4010867546492031
ck_5e418a7c04437b4a,0.03040771334718114
ck_631ea1ae91ab333e,0.0283965452921244
ck_0a8029e79a5ae7ce,0.026118777246218895
ck_c4cca8278bdad9b9,0.0031679583745003953
ck_4dec3df58077a257,0.07469416345086377
ck_609c249edd88c565,0.006383732816396187
ck_02e5f9cbbbf2f078,0.03478210466300584
ck_32e486859130458f,0.6150539819957744
ck_21ed2ea6386c5a07,0.0019288996511039218
ck_1242aa4496576a99,0.003438383054979161
ck_475ea9aa6d3898b7,0.0866112197406681
ck_fe1b1adae3be70a6,0.7554144636757135
ck_c5414d7a8031d4f5,0.0073708618671989206
ck_ca1f6f01868e978f,0.008097507315895616
ck_5eff0208c74ec714,0.012637527324216037
ck_a315c9619a317609,0.0330091505256388
ck_2b87683c90acb852,0.026157904308806993
ck_7cd9f39c50748ed0,0.005479011289522943
ck_16a06d58d71935bc,0.053568389047886494
ck_d116e0e7c19b878e,0.2909733093327222
ck_931510e384b1d0cb,0.018516541056758932
ck_e7651fb87bb24132,0.004016038257946338
ck_88ef9f85948e1a01,0.005216832253897597
ck_17bf38d51115a8f3,0.0017812602535083506
ck_2659d1d3762a2825,0.01095845918427388
ck_a7285955e2852686,0.051031957011010085
ck_f2c33d5b65b321db,0.01977314783853682
ck_83e5979334345622,0.01368721771468147
ck_629537d8b4d0f395,0.01649263614366302
ck_72022008a92c9386,0.03401652101361335
ck_2973b8274f0bf69b,0.027146776304397373
ck_565e3418d2f4061c,0.017340640846580997
ck_54bb53b8f8ea32ae,0.9859282161683763
ck_af0a6540ea7a36b2,0.007230905670443181
ck_888651bfc2c8cf70,0.019290910379461537
ck_1dedcb48ac381a1c,0.12568766436009585
ck_f73273e220296be8,0.09557464185442179
ck_8424bf65223a5a9e,0.007091170341532288
ck_337b930fd149a696,0.029505540767285086
ck_8a4952de8a123ef8,0.008124586497314984
ck_884168153c9c0c81,0.010083826768007296
ck_fdda581aec411010,0.003374747795349948
ck_2b7cadbc8b180d32,0.7078915302837806
ck_8aa8b9968233a1ab,0.0030403227669764444
ck_0af18b3ce015d294,0.011123319510986638
ck_8dde670a735d1e90,0.10689047321450604
ck_62f46226f244139f,0.023722322365703995
ck_f948e8a8fdd79b4e,0.008738275880323299
ck_fa00aa0f3e859904,0.0320746434959978
ck_fc7935f784a4f249,0.006177054921108206
ck_e7501307c0698e5b,0.008674651369480587
ck_549ed417f2834cee,0.01819325501917511
ck_fb2a35571ec719d4,0.14706858044888882
ck_25822068c86c856f,0.0012103459672648956
ck_8f35d229b62c8f23,0.006887426333211994
ck_bdcf049c1e7d0c95,0.003308579017372503
ck_0aa9db36eb16422a,0.003879909516103913
ck_42dcf92e9e016922,0.04452650637737989
ck_42341cf31c08c981,0.017173484161808698
ck_0b20bfc515ba42a2,0.020707299950086137
ck_0ec820b670d48098,0.0018012333923857816
ck_1f0bafec397da8e4,0.03502072265011867
ck_82f07504ab59ed33,0.0470143064161413
ck_337b24a474010abb,0.9857826218201335
ck_703703bda38fdcf8,0.011054832539549808
ck_01e7960c63dca3a4,0.9876022913075885
ck_be5bd81e3715cb8f,0.8214639131260625
ck_197f8058cea1fbea,0.0021856630775735114
ck_eb3fb1106f2f1b21,0.051907449636636516
ck_658b4b54be09a4bc,0.9733710921400824
ck_266ce7ccf41ccc50,0.018823952006801363
ck_110608c3b03d4038,0.33723510156673797
ck_1be8cb95d6d9bbf8,0.010180479764664591
ck_8e16a64a776afa82,0.2886559634047198
ck_34bd190d37eda534,0.061019663999680944
ck_4f521611ae14ae66,0.005597306918052928
ck_d839798f9520363e,0.03558276034696699
ck_d1bbfd246c0ac9d5,0.03526566383202343
ck_f19030e6e85a6776,0.1506021971799295
ck_cdabe60ab59f9d5a,0.01077769804091429
ck_bb84b2b30293f566,0.46815905350410086
ck_427b91925952cb40,0.041328918065360334
ck_1078b1e155b5b640,0.009689722822504937
ck_95fdc264eac72fa0,0.003747596725139863
ck_e35eb857c61548b2,0.7393565151632218
ck_69bd0b1abea7e1f0,0.2912471112535296
ck_59de511b20c842ba,0.0430375969740055
ck_168e7ea341a36b80,0.004612871958758831
ck_4937cfa6526ea138,0.019158307494800957
ck_bb1a981306b750ac,0.07197255914826572
ck_f42a43e4c3f34ccd,0.00514800030893052
ck_c7ae1d4b3ab38185,0.00441533671500553
ck_bd23cf9bba1dd33f,0.05717774662846721
ck_0fd826fad7ec7cd6,0.04054462289355944
ck_f143641bf3dd0414,0.11698305134153647
ck_ad6d48c20a3688a7,0.0026101388588526927
ck_7bda5b5b927b2905,0.050820994760361414
ck_a337eb38eefdcc88,0.058480293881796465
ck_403da2a2d800df9f,0.15009093070188
ck_aa01d5aafde73d0a,0.0021690426220824775
ck_494954023f0eb309,0.050728853664352536
ck_1c6820fc38135ad9,0.014809655367699657
ck_0e0bab173622db9b,0.18149026144072722
ck_547090bf35a3b243,0.023309849728561153
ck_d69455220b21dc9b,0.008925714769620749
ck_90b4ac695b9c6bf7,0.0063126516828813555
ck_8d2afe17c0082e6a,0.03793960308974346
ck_926b81c0ba528eee,0.026417405151900893
ck_ce36b0c287bd198e,0.0397032851727032
ck_8026e017909aaa6c,0.008287659554841582
ck_dfba788f35d4c372,0.0089611966070653
ck_f09f9d0e0886e0c6,0.005956872738907836
ck_4ffe0366df388604,0.010971711957651464
ck_75bb521de55644c7,0.009374331532228537
ck_81a960fddf79ecf1,0.9559331596669534
ck_8f43459991ea511f,0.00837423064933289
ck_f878b68d66fbfd4b,0.0034109166614658334
ck_e84abfc0c747c9dd,0.9048166004944027
ck_3ad3fd3cceb56b66,0.8864180712731351
ck_7cf562578c7f158a,0.0037546114077913746
ck_f81a97d350397306,0.04005684115467422
ck_255d87b7fb40caa5,0.023575054561349947
ck_b3905153b9eee924,0.0185453106162596
ck_2c80a592fb4cd6a3,0.003923591233120762
ck_57deb202d4188a29,0.0039043634281860843
ck_e3cb5f31d8e94448,0.9209132244249547
ck_0db62d5f7f75f80f,0.024621893318386726
ck_ced9163ea85589ea,0.0393678218621279
ck_e16528edc694fb33,0.9736379203796143
ck_78cc5ec4940fec3b,0.008729860153364615
ck_31742076e9a998f8,0.037189850504392295
ck_5ac335f02280271e,0.085271370396368
ck_7cc2e091806cfa5b,0.06784748174376781
ck_3152c7115257f084,0.004867931800114526
ck_ab1b9d019921bca7,0.012092269227977839
ck_c33a762d98f9b290,0.0059307994254379545
ck_b16a7c51b6f7a6b1,0.15263557170502948
ck_97402a153348e68f,0.005782476755310637
ck_95391029a21caa24,0.02333329668248508
ck_c2015a1200971fe9,0.028381538507672197
ck_ed4427962c68918c,0.9665915008036666
ck_c5e4a17d3efb19a4,0.17427148425739122
ck_8aec3d3dd51517c2,0.0035678336413020356
ck_f5178a658225d8e4,0.0017808916567409927
ck_8594f165e95316d2,0.004044731731725301
ck_f0c4aac04076a6dc,0.018188754525796127
ck_ac2f7397801036ef,0.018355099040289008
ck_d1ea4bcc407c7d5e,0.00860525217719793
ck_cce8b6657a538fe0,0.011425542837330783
ck_66d0c6d6b67a8d58,0.014828186304903046
ck_1a6b30320835e57e,0.01753321012885191
ck_8cd274cc85aa35d1,0.025218608991528304
ck_ada46085a78280e4,0.01447628126851032
ck_ce1b06623e4a815e,0.00282360564412056
ck_45e70c8a9686580c,0.06595500265690801
ck_0084d8ab6b1044f3,0.008022557646048572
ck_a5f7b6fed6df2aba,0.06095693039241017
ck_94940d783e7988e6,0.010150784993341733
ck_00f9ca84d1d8ae7a,0.0037853946447839585
ck_0deb56f3f6452818,0.006400645102022135
ck_a58e900469dfc3f0,0.026450729153390456
ck_028c41b195280980,0.004505391673667674
ck_7661d7ceaeb19f97,0.005901388946680755
ck_6957905a65c47879,0.03475165860716134
ck_f7c6c26ef3c4ae06,0.014986181924106728
ck_8777beb11aabd66d,0.01102908188837866
ck_7db098a17374bbf8,0.9325247506055848
ck_66aeb00e44486cda,0.03951676041307414
ck_838c52cc1d315ec3,0.009893307271915194
ck_1745847cd4e5dc83,0.02323909193683394
ck_201687857ec8b3cc,0.0209960329656997
ck_81818169208a8cda,0.03689511907864785
ck_3303fd3f64632c7c,0.07991867404256323
ck_edf1096809e83ef8,0.0030126201529641346
ck_235ce9603c7dccbf,0.04373825132027027
ck_9df7e153868bca13,0.007842305616928334
ck_3cfeade2cf270fee,0.007570991776782726
ck_982b0bf2e2b6c4f7,0.004888726550198046
ck_faeb0da678bb86c0,0.0031220149747327214
ck_e86ad2fe815b6ed9,0.01956427889279321
ck_70d69e5d1bb99e85,0.01783282450061144
ck_7e9a8924eab779e6,0.9560026275213571
ck_019d5891103e7da3,0.005737376287961923
ck_14f0484b3817eda5,0.05174640043834647
ck_85de63d278f0fbae,0.0041558973014773
ck_ae91b4cff57fb3bf,0.03920599481323617
ck_2a6d43b9f883b78e,0.5453198002807796
ck_7a4e3d553e8ab5b7,0.20799856061542596
ck_fdf89dc69f700f84,0.3328594652672913
ck_f92e04024bf13558,0.0012137786572773773
ck_4a522ca2dc4831a0,0.0008426203431083091
ck_68ba25dc3385fea1,0.04537152772039021
ck_22128a4f0d033422,0.021664064674665726
ck_5b52ee0a13c71590,0.014745952468276445
ck_59472d17debedafc,0.0737147583777912
ck_9dde2c63acda3ba3,0.006368372648719862
ck_7510b1023cd08531,0.017455914307015867
ck_071ddaaf2e4e3671,0.006333912981654391
ck_1355db6f4010232a,0.01496486509539716
ck_0a7adc2f27f98510,0.06819596027072643
ck_68250033717cd59e,0.013559293151349383
ck_7c12de74de30b788,0.6949523607382068
ck_65491367584c730c,0.020090541421314792
ck_e9047964952bee70,0.02378550757292452
ck_5567779d6ba184eb,0.022620848816289396
ck_d6ea026357ec6477,0.008681453932188218
ck_cd7dcc884e283746,0.15440937304714686
ck_0bd77fea8ed75a15,0.020019585505223928
ck_e80883208e8d0453,0.016083150199124884
ck_2ad0ecbacd5acf8e,0.9606310004549384
ck_6c1dbee7e8fdd5c8,0.00424177210687872
ck_ee4d9a7449515908,0.004983573301496778
ck_636111f7f030496c,0.004352966888898249
ck_2c629c657f73941f,0.0094311855604063
ck_c1c9d3842d758420,0.2699359169798554
ck_e4df7faacdfe8c40,0.037521638007498644
ck_94e8142728e44380,0.04469782798333523
ck_765aaf42c5088545,0.007404964154109527
ck_e0f845159b6e6a4a,0.01931972684834637
ck_5bc07deb82edbad7,0.005561377801997526
ck_713159c5c6a7a4d0,0.9943167702868738
ck_b08afc91d9ca55db,0.01975432793400723
ck_a7bc323ffed2ea97,0.3270202393626233
ck_85ca825f905a34a1,0.032263962922614575
ck_33160c443d4b3f19,0.013738956650153733
ck_832d39c590a3ca75,0.9100782750029124
ck_7d1661a34164406e,0.9228957829552779
ck_c2466fc40fc9d5ed,0.9862465400484992
ck_ed0e776c0926ce67,0.023593440991471124
ck_cdd2ebeec75bfa69,0.13467827644309813
ck_d7877684c7923ec3,0.014497054835403075
ck_7384d4d2406aabf4,0.0068864291821420474
ck_b8e5244e650aa81b,0.020481228253135232
ck_25a1ea40b2d59254,0.0052121690518891
ck_b9e5b318ee4de68d,0.005138939654285084
ck_620d7ae27af83cea,0.014992225007200623
ck_40b4e264d1a12b83,0.9117043957464802
ck_b694c803b62862b3,0.0023386370919119344
ck_cbeca201dbade3e5,0.025886676071495075
ck_f9b439c9161c3e52,0.012606205285905957
ck_9880410fcd10a28e,0.0030853382513022377
ck_74928f5f91aa12b2,0.05506610730762796
ck_b6673bbe61d2680d,0.015498393412140793
ck_53c8315b5c30acb4,0.014826032182836991
ck_78f01d78ea79642f,0.014384846928745065
ck_8582490d6e365a63,0.020420195505947206
ck_af25c72d16299258,0.007394471651502842
ck_7905fe8e257b0449,0.10466204065269132
ck_0d16d9349e4a9e08,0.009898465022123314
ck_31b16b8848584e98,0.054173578705488015
ck_67207e3eecc02d76,0.018535358761704878
ck_e6b95ff91116a592,0.01130128254417794
ck_c08f622bcd6de6e7,0.024537189894234358
ck_f9a68da9e0f0bc85,0.0037288068297489443
ck_4072b59388976896,0.013188563506110028
ck_8ec86e853ad52828,0.1224365899339638
ck_4fecb87eaffd5cb5,0.0035848413171902928
ck_d6880578428b965e,0.2044740825356059
ck_bfc82b3c1c9f2897,0.8407050515674849
ck_c340644176ca03e7,0.028955313490334898
ck_321e740066fb05c3,0.6603213183587862
ck_8929d2eb09872052,0.05540122772391934
ck_205c107cec528414,0.4058875270396074
ck_e76db7d2562f9836,0.014587438231402999
ck_9ede51c8434cff6e,0.023015468666791425
ck_492e4b89c61b7b6c,0.015976303728570423
ck_9385f5a1eeebefcd,0.0340475494023111
ck_ee52c7bf88f952ab,0.014768019455143456
ck_d8116c34302021d7,0.002593907595705135
ck_01645ea51972e99a,0.030085792935851684
ck_7b45ed23304a854b,0.015301350029322576
ck_2096d32f3d497ea1,0.08927194808541376
ck_dfbb2056f1ef7d3b,0.007294058924706788
ck_938ce30c864bc7df,0.0019121618201728993
ck_ff30dda2c881a4bd,0.45368366929358045
ck_f88c79186a082beb,0.0166390283986248
ck_08c7bb0f9851cb76,0.06902797952487572
ck_2675e7a008e584a7,0.21163078743014238
ck_cbaf8a954281d4e3,0.9490572047544126
ck_8b24eadf6c72b30c,0.6361041131132418
ck_ffc8e3c1377d0706,0.0060988673603902125
ck_5b59e859bed5b40e,0.0177244049043163
ck_7b61717f172f9317,0.9580228844843288
ck_e5c30947b732f661,0.08736895943497684
ck_bc273f3ce79f7e1a,0.006667229031706635
ck_f69e93388b3028cb,0.1902056552597782
ck_3837ad850996ba60,0.017337364401880294
ck_36d78ff3bc033ee5,0.015308100313918554
ck_5e20953547ba4135,0.05677424766687825
ck_258d661e450ac870,0.007714894429604787
ck_1df66f537496ca59,0.04875774464115366
ck_361f535599110201,0.008855985393189233
ck_337e98c69f6e7886,0.020890313311451053
ck_d3d5b2717cfc3913,0.02983121792172921
ck_b1dba768dbe7affe,0.05395851760623017
ck_92d782bd9ce0d1e3,0.03806459382530224
ck_26bd0f8898afc8ba,0.004566834478783468
ck_7916e53daab36745,0.18989374037492165
ck_2caf553b31831a50,0.012312342076021752
ck_c6200734c7f9b2f9,0.9510677151244189
ck_cdc55623cb16e6a9,0.0035377432488213787
ck_57849e15b61c43b4,0.044558662918895
ck_b7af9b2ee0eebbc6,0.027243179289884834
ck_00aa5fc3b3bc66aa,0.04981864476056369
ck_9929723f65636c7f,0.9945995599765518
ck_8f6cce9f69912983,0.014616643226156523
ck_c422ba389ff00781,0.0016041099492338897
ck_9ec7f334604a228f,0.04856138137942364
ck_5d01200ba3341462,0.01824385109608279
ck_2bf10be403849c9a,0.008963008572360513
ck_6ca018259f70858f,0.010120238039206808
ck_a54dc042ebb7c766,0.18773363818899563
ck_79da63fc100830b5,0.03371713119997643
ck_67ab6f9e05c85085,0.015377526579299847
ck_fa80da579ea9afc0,0.010037699756439917
ck_4339f86c87289222,0.6640002364616633
ck_a2299b4f530be0d6,0.3344700373430157
ck_19db0bf788697c2b,0.009577449700420945
ck_fa4211c4d826d830,0.004047862813065161
ck_96100d5e8e051e91,0.0041385933176260915
ck_5c3a671883d58b3f,0.0007418094559889485
ck_2d9524787cfe1ab3,0.3209957202996282
ck_47ab8e51e5b3a2d8,0.002834348356199395
ck_c924f36bc1bbbaa3,0.009657055545827822
ck_5c58e7f8fd55e26c,0.002160846837301091
ck_a07e7409d6d5aa06,0.03333949346556456
ck_c8413898f5f7cb7d,0.055793139116815896
ck_577c816b41cab002,0.7595691029617523
ck_9f7807ed64cdb728,0.0332863851560909
ck_495d814d6d6d521e,0.0009822603323232032
ck_7aa8bc018c2b003b,0.009529291119309013
ck_7c3a6a82f3c3241d,0.003925562490714451
ck_487f7fbc290e4ae2,0.003071653619856396
ck_e556c4d36aadbe03,0.00394425310946058
ck_7e6569a1b2455cb0,0.0018890624778375945
ck_de2924955926d046,0.012949881457845211
ck_73d60b4630e3937a,0.006354299007712588
ck_805ee564bd35ef15,0.1357541857566497
ck_0d40961e47797027,0.0029356688410026787
ck_f06d00a4f9c87d80,0.003921231186542646
ck_5ef50fb07b6737d5,0.010151540600635207
ck_16541fc15683e21c,0.010082004992537648
ck_09fd43f1b7e2eca2,0.007099649167404447
ck_2a2c336a69b8d68d,0.16443616749044518
ck_2685f38930866af0,0.052395938385456906
ck_298278a9da874437,0.016149042686380642
ck_00bd7803f2530c68,0.022247329090878565
ck_c2b4a1d8c0b6c1cd,0.0010516053617627506
ck_2acb54ca20c3af6c,0.02190282337628662
ck_e3d4b6f681c783ab,0.023571301172757353
ck_f90293f1eba5d7b6,0.07500906815439903
ck_e69d27e8965df0be,0.002751772590175195
ck_b7f5d10b427346ad,0.008736995472479046
ck_1ce20e4223a936b1,0.01024668070917653
ck_6b97d1ab90f6bdeb,0.005250770881786931
ck_e30e17db5473c7b2,0.0026485606440915
ck_154c8efb19dee665,0.004372280492968487
ck_6f5bb0c930644cae,0.9971530045225906
ck_9e17699baa83d173,0.01001565420256917
ck_9693b1eb70880205,0.006374146609528391
ck_1e97899875bb427b,0.004838865871935021
ck_558a82590f65df69,0.004521544940755492
ck_18df83242ff3cdbb,0.03763274092367717
ck_80ad4396e1084c68,0.014086782690713888
ck_0a993bc947bab61f,0.03475022945967127
ck_5c2d43ff841632f9,0.005276424414383195
ck_6e4b99fb9725d9fa,0.01915866701346767
ck_e0983999ca26c19e,0.03138945279361222
ck_6573c4947cc8607e,0.04060361691618063
ck_d879d645d6e44207,0.013401581682942502
ck_1375ad9f10688e4a,0.005978101473903615
ck_7501ebbf4e21f160,0.014203039714247466
ck_ca60d61cd4dc3bea,0.005828705602580167
ck_ab9ea095a5c58b4b,0.011669386025969812
ck_23756522b58df5d8,0.002605539336347603
ck_90bc176c43d85fd5,0.15866000760509533
ck_908b663b2dda94ad,0.017425612431555746
ck_4df2fb8e4b649e27,0.004969334011162077
ck_5615c6bbdef05291,0.2425098361817601
ck_b62f3e3185251f71,0.0022753256377122284
ck_38d1a22850178f33,0.002540422995987134
ck_5b3ba20c8bb1383b,0.004561955686008926
ck_5576ffc6aaf6f22c,0.001175388110669523
ck_cf7a022178165e56,0.006054953971745726
ck_f2c7a4c50e2ede96,0.014820337968079392
ck_285719c77eadf915,0.003786573518865055
ck_f2aa1b677619ab19,0.013241642405036658
ck_3830c58d841e9e69,0.6353489692504636
ck_32eba3510c8eac5e,0.013556534224833336
ck_8955d7b9030d5eb5,0.009255664948898496
ck_6775e387dace7525,0.04534780976317014
ck_0a0cd7f4be606a93,0.10284720677004523
ck_a9f700eee5d638df,0.020998776439868475
ck_3d7db96995745472,0.019045351911057704
ck_aeed557007d52e9c,0.0009315447988232357
ck_79b6a86830156b5a,0.023414870029627586
ck_6a1ff9d69466181c,0.9933730152747328
ck_f11b1565f986f5e3,0.01231510063969741
ck_4819327a78615485,0.0019327259339020845
ck_3ed9e081959b2f5c,0.011992254378416388
ck_16af4be191c47d3d,0.001804152161246269
ck_25122cc0e8b1a662,0.05067930761581027
ck_509c22828d467ba3,0.03277954441935016
ck_31109c899336348d,0.012234850718165267
ck_c51131e53baa59c7,0.016831104721601042
ck_cf8ecabbc61d3e11,0.023664648183955042
ck_eb6baff0f85ba936,0.029169605779109053
ck_777669e2243204f2,0.9131457459898127
ck_ac0ea27e692acdc9,0.013927328847861145
ck_4c6ea04ce8ca9e2c,0.012460773477136915
ck_ca54b32fca7e94cd,0.004318836426223707
ck_4dfd8947f540eb24,0.018288750320447685
ck_95aff1fe27fb24bb,0.0162090635015949
ck_c7550723b90e5615,0.0065034147650624725
ck_57b3fee69bdf85e8,0.0025831361060834664
ck_f823407ace7ff064,0.029369954291613317
ck_a69084a068bcc8aa,0.04268476334385881
ck_c7b17f7b24bef5d7,0.024666050261924408
ck_7c4e588f927c27c8,0.03180560249429879
ck_77fdac602d0c6f95,0.05052008672326626
ck_e963d8525018d072,0.01978403415503728
ck_6e8ebaea8f7bffaf,0.002163070073964651
ck_aa42976a31cb7770,0.00324804360826941
ck_22c862a496008c96,0.9961458638803049
ck_527550dd15f38782,0.025457350439650136
ck_b3ab3c210e2c7c19,0.021674187568988573
ck_ed9c56fdb9f45ddc,0.45985310133782614
ck_b53281da70defcfa,0.01533266610423451
ck_03009b721568ee98,0.048257210461245315
ck_3d9afd862b3f4053,0.3451180772853844
ck_ad3c4be96599554a,0.013028213910827358
ck_d1c787c27d50af49,0.022399334274792713
ck_c7a9c7b2eef46a99,0.007641970646806043
ck_53036d3c6c74446c,0.20643031282092128
ck_1b1efbd9c0964c8d,0.04153946116603623
ck_d66f42a269d5c1ed,0.021753503657403216
ck_fefc49a2b8ad993e,0.013046694555715914
ck_8b3b874249adece9,0.04065295786606275
ck_193d9c87ad3f1dad,0.0015028824660121118
ck_0c6a50d747593b7b,0.006448106720999205
ck_c830f3830875b47a,0.016456212345019056
ck_79e202f06d8dfe42,0.03071125196511582
ck_5c0fe988b8aa7fcb,0.19474865632193994
ck_a8382d8345f21e1e,0.003809825067117966
ck_8cb20053914692d0,0.1005355652804667
ck_1da2f69023ca4c13,0.0029225594664849886
ck_38abb60995114f8f,0.02718974053631526
ck_f5791fd8fd8fd191,0.019267475996086046
ck_a4e6fc391b674335,0.4071326821290494
ck_bd771efb4a7e15d0,0.014325310799373808
ck_38ba4a6b6a292054,0.05913481913071659
ck_f7a07283345a0dce,0.017370429572450528
ck_87dc484baaf5a23a,0.0020504880226926894
ck_c84ef83489badbfd,0.053844825900543784
ck_a397cd64ec5d644b,0.009692023710845847
ck_7977135c2ff61e92,0.006072499382901106
ck_52174855b243a8b0,0.052934092952105334
ck_0f35e930d0614613,0.9831133050133074
ck_b170a7db522a0d6f,0.008873532530267212
ck_7af748a23775bd54,0.31472705490690794
ck_52f641c9ee6fda70,0.0018038634502976015
ck_c3719a30414bbb4d,0.007885364563448507
ck_2baf214ad6bc0dbf,0.04374585886822618
ck_8b39d8aacfdd72b4,0.028827718349020953
ck_d39b0152116203be,0.012174205152567985
ck_ed33f8a937f9c7c8,0.00925072386874749
ck_8ef97b55a5fd6ec9,0.0021011490558558417
ck_8247f008a14bd1a2,0.005445670493410164
ck_f0d349d68249d5db,0.002362197926403262
ck_a544e766540861fc,0.01863250709628447
ck_9dfaca4c7c80b10d,0.0402431252673878
ck_7e5401c362b2216a,0.0018770994877347297
ck_64ff60c073fdb6db,0.025953636393316683
ck_fc5ea49518e5d637,0.00816519468297907
ck_580f136ced341298,0.004774859063826971
ck_9cbef9bc95449dca,0.007172410650540044
ck_e475a3b8ba870a7e,0.011561917953913732
ck_97e94708bcf43563,0.011469180385248585
ck_13f03ec785cbdae1,0.0017082670565448299
ck_152820d8817f478c,0.012501900502671005
ck_d20d4ba60eec9945,0.019522491983591177
ck_5c45968a805132e0,0.031091566194901096
ck_bebea2cf3063fb24,0.0367175794631783
ck_c3c69aefe7ea1d2f,0.032697213815352184
ck_02028b72f26fe855,0.01308000038389616
ck_dfadff70a58a9133,0.00468913040024947
ck_6482ed4491bedcaf,0.004413446154676951
ck_754cd7b4a5ae3f94,0.02118003232944287
ck_3132857aec8485bc,0.0014837315956761116
ck_7ce4ca91b8f9f1c1,0.0069348745902301535
ck_41938582f4351772,0.015639667269858513
ck_f87d66946252476c,0.09178142786604222
ck_8053f1879a9b4e43,0.0038294049603709783
ck_93892e91387f5103,0.02069981033128883
ck_15254db133b28371,0.009730374826256554
ck_d557b9feb241b3ec,0.0062164313445902
ck_71c3a8e4c12c989f,0.0156407230048575
ck_80e3041811033443,0.03253502199639509
ck_3380d60067b4634b,0.007293587622769597
ck_a9c2cdc758df8510,0.029916963112731294
ck_3c0031d7514da17b,0.05399611483354189
ck_18d214b1418be39d,0.02956341564404935
ck_7ce768407fd48321,0.02743381992025681
ck_7a50abd42298133b,0.03267908079925152
ck_2db10f987d137582,0.031823727447574404
ck_e077d004cd1d80ae,0.011520132582802801
ck_1cb6dc67f9a321b5,0.12496710592150384
ck_b864f64101149c35,0.208920299826879
ck_9bedf54df9418e4a,0.0068894775467207865
ck_c47e32c47f0e6578,0.19451815248501308
ck_71f382d5e338daa3,0.017062374081826138
ck_14b4bf7be6ac2b61,0.0622967521929007
ck_5c87eea1cc07cc92,0.031119827155315243
ck_5f445182829ef342,0.024923170458360448
ck_a5d7311291caaa54,0.010923612373987165
ck_b7df99aecef385e6,0.04390395405922763
ck_3327a0582407068b,0.02532708550904134
ck_08dba09fd7dab896,0.04548153625129422
ck_f4ec334be5266378,0.005836343549551542
ck_240f7f894c5a86e7,0.09135202190880835
ck_a9d994554fc14a02,0.0028021425732753717
ck_13648cbd306eee6d,0.010751445535457255
ck_601edf9105b3c321,0.9905514047701561
ck_9527adac182abe57,0.15932876447045466
ck_4e0e80f5cc271bf7,0.002215961929251148
ck_96a89e720176b389,0.03001901389538391
ck_63560eec94b76d2f,0.007501251579443106
ck_c9c99e5b19aeced8,0.0024193216856564677
ck_bc32655ee5ed643e,0.012013508338269033
ck_edccb5a93b741744,0.009340714366175359
ck_f786cbc987b70930,0.0021519707218577108
ck_0e8f26536ccc8947,0.028455437262821313
ck_b87ef4b98cfcec4c,0.022937971097207594
ck_1a9235812de4b2c1,0.03581744755045876
ck_d1ed88ea4211ba4d,0.0038676855138123135
ck_a4ddac49657a4450,0.00825049435819872
ck_d9ffca35188e49d8,0.013847728102446322
ck_3db73bbe03c3d240,0.006332154749465532
ck_fffa0622344a36ab,0.001963837670601166
ck_148c28df51bba5e9,0.8487526552149188
ck_076cbc25c8f15fc3,0.9746208400719064
ck_e5ca550b39ed45bf,0.3361924472004384
ck_8dacf3a2061ca17d,0.023887694641072665
ck_2d7394afd61643d0,0.006682972642292637
ck_e42206e91f6a1752,0.001666525639901613
ck_2f4f94827984c426,0.002450982100385632
ck_edfe8e90e8f4366e,0.004282633657988272
ck_646b15f753e5e9c6,0.020697994839915346
ck_66600620149c8799,0.004420954246362241
ck_4ff6fc70bccfba96,0.07901395738291275
ck_41af3729590c2484,0.01315173953962474
ck_920a48ba8c583e96,0.005554395041375093
ck_0253b3e7be021306,0.008520908242646013
ck_2ae6949246ea2648,0.015270361504226091
ck_db23a5100f338d72,0.01950192219074137
ck_fcb2a559474c3493,0.031163293482961638
ck_0a4d7acd2a53cbbd,0.01829603040009394
ck_c5d62b2b7a6f3bac,0.9812133201749316
ck_cf59f4fc0ea690b2,0.008428439497921122
ck_837be8126bb19250,0.0052967953854697325
ck_58955542edee1adc,0.00812890789606688
ck_1b93381d8eea58d1,0.01144948531295318
ck_97b8e05d62abdc14,0.011040268164995152
ck_71a0d645744302a3,0.013688566103597295
ck_a7b57882ab66b111,0.007427062358758671
ck_65f76421be648549,0.01561640316516743
ck_b53ea8713d32ca7c,0.028763815618990034
ck_991c4c924a1d85ff,0.7655494564848268
ck_8432ccec1a4ec7fd,0.9924744911732499
ck_64c1633297f43788,0.019139768050869272
ck_4291fd9c1161d8e1,0.016173011907170864
ck_5e98ed6391d9f429,0.03314910333387165
ck_c7baebe4549fdbb4,0.04725825781381794
ck_6e67225ba59fa5ae,0.0460719501525535
ck_719602def4d35fe0,0.026043625802800514
ck_bdee7c86f5ebe81f,0.03005776832546855
ck_8de38f8c7f91961f,0.03681753830108176
ck_b0b5bf9254700402,0.009309957116108299
ck_7b55d9bb1a250d4f,0.02586016355511851
ck_3954b7b0fd1d6614,0.004514041561292547
ck_f29471fe7c818d6a,0.0067099735152686395
ck_9e65a8a2f587691a,0.014843396003924165
ck_eaec5f1a83b66eb0,0.21885329277667911
ck_004fe0daecbe2c1a,0.00876547842753262
ck_d17653a4a2d4a79e,0.013087144123783243
ck_0dd417fcbf19e424,0.0238509010560601
ck_4c99a6eadea143e2,0.0811253621295195
ck_74d602c907ee9119,0.002885744811860049
ck_1aa87cb62acc0ac6,0.010743590010186002
ck_094974d75e29fb2f,0.06509915163195353
ck_5ef935ac3d4d3332,0.011305068777556394
ck_b26e4ae47c9107ed,0.1350015752234558
ck_396cea6f95186ad2,0.0289315036998578
ck_48446a9e8184c7d4,0.003774956971121662
ck_31e1ede23247d56b,0.08430818697090191
ck_7afefa349b960a3e,0.012113857532452936
ck_f5e02a3432571b20,0.032588048428898335
ck_64eefec062592c43,0.018844698465633487
ck_a1201284122c141f,0.013917313041877584
ck_1b34c420a4c85a95,0.008979634270782591
ck_d637a011332ba67a,0.008956756986108285
ck_99c0004d8b7079f8,0.0016778010513695911
ck_948517bad569b40f,0.04499533287610589
ck_a28d6b1601b472a6,0.02604727733148803
ck_a0b4209feb31f5c0,0.9972964029663456
ck_d6d2c1f6dfc455b6,0.02225161971779142
ck_3f9e6d356d3dd3cf,0.0018390692700457868
ck_d08e00c842b75176,0.018100850212511684
ck_bfdd232a7c5f2660,0.025918893005596067
ck_2cdad03ed069438c,0.015528607260315158
ck_42317c3eabd0a285,0.021829025486371344
ck_3eb73e56751c704d,0.03035098670085077
ck_ef33c04f4c9e3758,0.021470282654999298
ck_1dc23dc870f1773d,0.010388629911966396
ck_76091f357974a152,0.00787757356060385
ck_4d9eb75e8eee90fd,0.028726170983087777
ck_578f67e69e5d2cfd,0.0044858071480496755
ck_3a8ce1cc724229b8,0.0018534493190254752
ck_a96887f841e80fc1,0.07903830329798671
ck_d2d4a8f4a9f2c33f,0.012293075283288877
ck_11f85bc705dbe036,0.02731318738583645
ck_7429b3f87528e335,0.006944889960859327
ck_26df74feac7ec51d,0.01218937342005704
ck_c78b2638fadd91ab,0.018737738589627212
ck_7eaad325abe3b50c,0.004248693398884727
ck_fd44e34af620e606,0.06277221838795981
ck_f99738dff854e25f,0.0015776872775074022
ck_1ffbce3a239bb264,0.00900939017757831
ck_96c7d52ba0a766ef,0.04217482856486171
ck_cb1c00c300af3f9e,0.06463989854186007
ck_ec3d12848ced99f2,0.017061790378092048
ck_26cfd7c3c6c7bf69,0.005455888170889502
ck_7ae86b5a885affc3,0.026684668895217378
ck_3edaa94d28cd48ea,0.0017077295537185387
ck_3209c530c9812e39,0.007941046644690431
ck_ea62ebfc1f04b49a,0.005122390995980744
ck_5fc90b4668ea81bf,0.03082218851875829
ck_95654593cdebd141,0.0069838915470181685
ck_958c0bd61820147f,0.02470897256832665
ck_8440ef1386c07194,0.006104307800500579
ck_8cd1b68dd74b1375,0.18532595307847102
ck_c9eb4df91ff07f2c,0.03900142482979028
ck_c29489366c01fe65,0.8764253445670407
ck_c965fd6bec0f0ecd,0.03525698780251286
ck_84c402b23766e1f2,0.015898243878360325
ck_181f3dae03b87136,0.08297793184094489
ck_022a8ae79eb28cf6,0.9205266308955684
ck_469c17407d17b706,0.032377826357013466
ck_1fcc5843f39148a9,0.004778442330363452
ck_5debd55f361b2ddf,0.0027197249161332727
ck_28cb9b03e89263f1,0.002347763819027702
ck_f067470743d3c7a2,0.0465889019084307
ck_d5d225ce41a1a762,0.016169432998133747
ck_15b4840922195ffd,0.05624498706733303
ck_6bcfa37c717f19f1,0.014497520262995571
ck_8d501a0386c66be8,0.09482389007973047
ck_1a9d6190c57ea7e2,0.36772685000255034
ck_c49832eabdac5bb7,0.002795235837977409
ck_b4331140b2e0d4aa,0.010968028335928783
ck_5efbea1befdefe1b,0.10100780012914438
ck_72ff52c4824072ce,0.019867856621128895
ck_ec3715add8bbb6e9,0.0022722458096879833
ck_9822f8ed05335741,0.02709254178865346
ck_c3d7d3d12a1981a3,0.012045929843572677
ck_a115a7919ac5875a,0.04945396790096133
ck_4dd4ed23e0b927b7,0.3167042721312236
ck_4c76efcc1ee6762d,0.009094565047047478
ck_3ad6e7bf452c9b21,0.01860091140833016
ck_dcbab304b55a42c7,0.015787171294228155
ck_24b53090faf722cf,0.005597637626016
ck_187317383400491d,0.005184141536782811
ck_e07fd57565c94c28,0.03649454460425145
ck_740e760fdcd27835,0.002097641558892556
ck_d3796aebda1cfed5,0.8834820327014735
ck_e541967c681cb929,0.0362147030985962
ck_431118050b834dcb,0.0011976268705148807
ck_90f3655f0c8a0074,0.002002200541297505
ck_13cd943777651aac,0.02806774093156409
ck_66accecabf3901c0,0.015374595214940372
ck_937f0da2306b2eb9,0.006064347167877419
ck_105b0c93573fd5b7,0.03658793387609168
ck_00480407160e0743,0.0031608197827341835
ck_e032068be7b77d15,0.03673727053408653
ck_991b7dfd69098320,0.0025350480690800852
ck_37d47cf0f34574a2,0.004141271148191973
ck_011551a596544f5d,0.0051181620872038916
ck_9acd98f4fe2d474e,0.10917690872964154
ck_7c88d3d377bb61bb,0.043400914747755835
ck_e2374c7136c964fd,0.08851096639296449
ck_2fa8f2577116e9ca,0.0693535770912586
ck_d07c5b0321c685ea,0.22492042900449405
ck_bc736114a31088a7,0.015152724232272095
ck_32bb42f9bff197f8,0.020174187195734
ck_66267bbad1f1415f,0.9839174195878746
ck_19988702ccd79201,0.00763354750359766
ck_f473a03fbcdbc4b0,0.004090614714732728
ck_e3f1d85fa5d49396,0.018861700915224704
ck_c4402ea6291df271,0.012752072083388818
ck_243bd5ca8c4ae5d0,0.0028343907548131018
ck_f271e855925e8d6b,0.15914684076649666
ck_e424148c6f2223df,0.006122179653392461
ck_e4d0a9e1102a58b5,0.006227050992091257
ck_91c2a5fe69b9b1d1,0.021075959461861676
ck_5fd8924732fe403e,0.06645109320507632
ck_9a881d5433126ada,0.006994637828432504
ck_73cab88b29c7845d,0.02409253059198124
ck_5b5dea6476d4e182,0.01337955145062525
ck_ccccb17d2ca6ce94,0.050217184755107724
ck_cd1dc68e441222b1,0.8801688736652096
ck_8312c49b1431a406,0.020215119060294363
ck_25fea39897f2a559,0.015002706226204744
ck_f56200205280bddf,0.03477860200776013
ck_7336611650dcc088,0.0013848448707930218
ck_590716322ff147ae,0.032694868701855846
ck_c82364d87875a1a1,0.021202959018432953
ck_fa4b60387d744fc5,0.002039205072191769
ck_d841eba8906e9a15,0.006012443134769229
ck_d6df562a79b9d0d9,0.01116340707229614
ck_59a14d2564193101,0.006190451363644157
ck_8530158e3d7f59e7,0.0065334166628732825
ck_ac68d707006c12a8,0.016297918294445022
ck_976fac1bb3dd8c58,0.012865561464214605
ck_f854fba8f4adae3d,0.1580755702899037
ck_b98e9c3ec6e7d1e7,0.013632262343909638
ck_803c0b4cf9d4bc1d,0.020630804579843637
ck_76997a33c3ea5107,0.0028284231198156366
ck_f1a9d832b700bda1,0.9401513783020967
ck_2bd96ddb8c323d63,0.9798812628886782
ck_9e5b7acf51b1b743,0.02609871886224359
ck_09169f22194fd6aa,0.021853520477147316
ck_6d69e092f9b0848b,0.022294728748366396
ck_9f83fa5a2d3b9049,0.016969462223021252
ck_57bbb19eecb4b87c,0.01161771118893116
ck_e0e9cfabb979f428,0.00910079101377649
ck_b1ff9edc51d42f97,0.002751484937720287
ck_4682fad271d47eb0,0.964280984396586
ck_ab33fb754c818ae3,0.028608499482042367
ck_b456f62b80e21557,0.0020691790236314167
ck_16340be3f2a7fffd,0.0035013831475201483
ck_ce66831f6611014c,0.012638294556316765
ck_4610a073bb54d1b1,0.009273754880861813
ck_fd038a7d33a9d6e5,0.008348611184831793
ck_c8198cb4c461304f,0.01682125235554719
ck_1e7de58822000dea,0.0017609019217379226
ck_b2a79dd3df560f14,0.05686555698263866
ck_74a06f347b32347f,0.006362360454608741
ck_c6fdb2972417c9bd,0.02508049763148025
ck_d7607a213b800bfb,0.03342516163088674
ck_df65967b8b40319c,0.0009355738930818604
ck_329a73dbd585ee09,0.017713756031499953
ck_74991a9e85c3b07d,0.011691291930226617
ck_bb76609b79e0bc9f,0.021925442067871052
ck_f7fc1bd0b9ab1fa4,0.013730941595482724
ck_d111c98b36bdb791,0.004445337823037563
ck_f07e27d125497b66,0.02310686149528506
ck_093e3a7134e11d6b,0.013041627804686458
ck_862c7953bdea48b0,0.022916408924459255
ck_392cf2cdd515c34d,0.024796088672120988
ck_80eb91b0b4001084,0.03753698897236343
ck_5923f53b77193a58,0.10132018918598265
ck_8049f5fce32be185,0.8143476243670196
ck_ebc5a2c6cf88e252,0.028429759736638797
ck_9ea5872f14cce338,0.014733383907736946
ck_f7fbc95ebf584379,0.012054350013838647
ck_bafe82c870356706,0.9718853697941897
ck_278b36c5932d9bff,0.007804923056737935
ck_6a892dd5d05c1649,0.05924136856312168
ck_0734fd90b2cabd43,0.022637446024919496
ck_9b552204498b6762,0.029194224092156943
ck_f6c909c205767956,0.020264851203024164
ck_32f590e87bc3d715,0.00045244660255211536
ck_66a8325f28be7562,0.004445553060278051
ck_b129261da9c3c3c9,0.01164306532249876
ck_a524071c51ddde20,0.020057166980065565
ck_ba576d6d4cb6130b,0.06343881139705974
ck_8d8226520722af78,0.04126292236043158
ck_c5b0f0d4f1655a20,0.02844895737523306
ck_61814ae9b6d8eab1,0.006624032088613313
ck_382ebf136f7fa337,0.2056103688305402
ck_423ff4ede6a9f066,0.05465151509619664
ck_546ad962d04b7de4,0.9524782890600842
ck_9473ea4a01c95f9a,0.048238803609219075
ck_9eb1da8cd35a50ce,0.016608131515436823
ck_de5eaa2cdbcb67ff,0.0872285091814349
ck_537cc97d0398c922,0.2553118076707788
ck_998475a2e4dfad4e,0.006913348238111013
ck_e62eb708d2688fae,0.011165831060062829
ck_ea623358f704daa7,0.0871511126854146
ck_b911a09f328dfd4b,0.007940535960326229
ck_4b3506b624e5193c,0.035418242821852984
ck_448456f96788713b,0.024739794877151788
ck_5d5ef9e75f65d076,0.01979141756941959
ck_3b74512f774a6e5a,0.004379287217034611
ck_a032e8ac1507c6df,0.6278003487233169
ck_7e2d6b22a0ae20c2,0.05072140226898395
ck_d80283209c963f11,0.013748600775316651
ck_d1157eade2ac3975,0.030058403771126563
ck_be48f583f79427f7,0.023017328891950226
ck_0027b5d4107d65d8,0.13678581481759397
ck_94fff69584dd3b2a,0.04418817482920306
ck_75fcda73f0b43557,0.009982445553967106
ck_a1c78972e4ee4082,0.028770901349964878
ck_f0982bbdbd122f91,0.00867190305754516
ck_3199b471575aeb3a,0.004981919096102744
ck_7fa947a0b1c1cf74,0.033672031219613686
ck_a60c618b7f0e4252,0.009328962236657879
ck_722ac47c8ac9b6c3,0.37285362156027496
ck_d44dc3839a195c8a,0.0282047894683742
ck_a2c3e82fab520483,0.03588411610075804
ck_6f8ae0319c07cafe,0.0020758487017940694
ck_49886ff1e2c759d6,0.020686951317180173
ck_150a1108f936e6b0,0.004163088310002991
ck_e21f9f96f597695b,0.017367124126419685
ck_7297bff2b7fdcbc8,0.0009297802851048519
ck_ee949c71f4f702eb,0.9824718297487215
ck_6fc37dea4b4f35c6,0.08269468654532658
ck_e76257caa98dc25d,0.9845897620880817
ck_828eef2334e17b3a,0.01878796339309543
ck_604e1b8a8c693aa7,0.014943204789037571
ck_7743c9fe037d1f9e,0.2505440853422703
ck_864a11202e19e812,0.09120427984051141
ck_4ec040b9e3785e4a,0.004112348080628218
ck_7346e4f820d9c00a,0.8298619947937864
ck_48d4d63beb26b623,0.015712531469198033
ck_c423aa6de3ed1e01,0.004476905337329636
ck_d74b2ead8aaa3f73,0.03061127717704354
ck_1dd69a11daa7bf1a,0.027592832659157265
ck_d9143e236eef177f,0.07187345115448196
ck_f790d91e5ff0eccd,0.1271162437709419
ck_69b5620e00ef5dec,0.0015152738780899672
ck_cd32e58e8a1c0e85,0.01930114255791684
ck_064013b0957d87a5,0.9882783706314456
ck_a481385c2e60dc4a,0.02070838805062336
ck_d72035cb29db3aa4,0.02108549159333727
ck_3759939a0205306d,0.024104774200319652
ck_f437a53fc832ec95,0.5142451893229065
ck_260ef2f3e6434819,0.0327536181854701
ck_35e411b05d22f663,0.014754090419408679
ck_8bf46e472f3e20de,0.13018783818570442
ck_d546994fc5d3e9d1,0.006320569336152928
ck_6ff0fc7487e737e7,0.5136341289613355
ck_5c67f27816ae0b6f,0.01414890278565823
ck_c5517923458106ae,0.006413211805589761
ck_d9735647a6b0b0a7,0.34182237454276804
ck_541a734fc457246f,0.060287285748627815
ck_2f6a639468f41043,0.006480318402155405
ck_bea2cf7a6b7bb900,0.010312329438698977
ck_7eebd0e6ad6c070e,0.010570449530886724
ck_b64c87d5e3b10e6a,0.8192382804386666
ck_9dd7daacb7833233,0.017065334648235515
ck_396e9ea9a6c6d7d9,0.023576943398086154
ck_1645e6cc53fa99ff,0.015835489180537985
ck_ea2a83ccb8d57490,0.0036185879078207907
ck_e64f0df63e1be595,0.04082617553993851
ck_fa0b234481cb57d3,0.03401070113552016
ck_63379e3c9fe6f711,0.019319911608573145
ck_c67f7944896a0310,0.03762466741135087
ck_c10e54c9db29e6ef,0.9923934220847643
ck_7184ad7709ae4c80,0.020972579385487123
ck_f8b6069d7577fde6,0.005191707526378255
ck_18444be153bac1ca,0.8194359564590997
ck_d0982b4e0e118e4d,0.02879718383291035
ck_6faf3e6820398866,0.02174073107372886
ck_97e980463aca4644,0.007624978407193301
ck_630c835243c66b19,0.9870171767217284
ck_fe429ba3e1aa0e4f,0.011618249118323893
ck_1058129ed7b48c59,0.020836030827713677
ck_04a1a46f07885296,0.022429316699281745
ck_f01e94331067edf6,0.006255709246124794
ck_77b2fb17c29f5e72,0.01677938871778365
ck_4f0c5857da45fb28,0.07929325877169797
ck_2cfb9a7775e8a5bc,0.9595386604133732
ck_6846100e43659bf3,0.003404012305388759
ck_f89719a854fe11d7,0.013666870491694558
ck_bf47375e41ca3bc0,0.001102902531100778
ck_2770b0400a7bef08,0.06655805719240637
ck_2a09d142de1c77ff,0.012175214077022548
ck_857a1f5547b9ad68,0.019263668920440787
ck_185f15b1523bbcf4,0.003270113382254782
ck_ab2aed614ec1cdf8,0.039919977079908534
ck_a9e7f3b2d5dfd97b,0.01084395563424873
ck_0eeb3d9b3e697edb,0.017771203107772127
ck_fa5830d81bc8ddc1,0.006911370144287424
ck_231ae0329ebc3220,0.031192788407222533
ck_1587763dd54688c9,0.0038134446976842607
ck_9f85fea4490c00cf,0.019370573300570404
ck_a2d709e7eb91e4af,0.03620634730392052
ck_43637d28c7216453,0.013100763264720488
ck_f3ab5dd853d38252,0.03079682106403508
ck_4a1f0172d3bf4fd3,0.01421699687636549
ck_517620ca16505af0,0.00869882650183566
ck_9ae904fbef56065c,0.004117176725950546
ck_d5ef1f6e34bb35b8,0.027281836869443563
ck_ff42557857ae3aeb,0.0009071469726382844
ck_ad9a18f58589faa7,0.006536565407666425
ck_df1a6edaa3e6b271,0.006903746892893369
ck_99021fe7225b5a68,0.09033745766716371
ck_99e52c3c2530b69e,0.9899473727218325
ck_3a4811dc4a1a891d,0.00812938896298688
ck_ba3a6be026c87079,0.003956042279064902
ck_da6d1e5cf6aba6fd,0.005479635166296435
ck_ddc7c1f3d45fe6e6,0.017548596223058245
ck_e1b1e7a7e4a15b3e,0.008575878485433244
ck_8288f7f226e08b89,0.01068959825141439
ck_c4524993ec31dbe5,0.00507828166076668
ck_8b19bb5b23b6741c,0.045886856861179756
ck_d21b38231a8a9f4a,0.1687680991011252
ck_3f730318a9792292,0.022268538056315602
ck_a4db6e94a8f77f9d,0.03853674761994918
ck_a8cac8d480306839,0.0015567668072170905
ck_5472214011fbc2a7,0.005904691515039397
ck_7356f47dbbbe7904,0.012226779530691671
ck_16801e628e883d78,0.009354544949513712
ck_0dc1e536231c4860,0.014886751630404501
ck_7cd0634a6e60af83,0.010070238044662554
ck_ef6f8e048ae1bd4b,0.004025246445889628
ck_82f3f744209888ac,0.015401343121920739
ck_f33188c232a03526,0.19293261256847233
ck_4a59f4e10bf45d7f,0.002479322366483976
ck_d96c893721385e4e,0.003994202788430708
ck_f65ab819373edb37,0.026062064618890268
ck_21cac21fc10b7768,0.007678139982885732
ck_139b54e6ccbdd7da,0.049317994387972415
ck_d6f5c8741697abb3,0.013332676387535266
ck_a28d9bb5590d458f,0.0793284663715702
ck_ed26d906883bea0a,0.027292249024635146
ck_227602ad072b838b,0.0018710915245389688
ck_39d5f6c17c745ab1,0.00276652487648405
ck_744eade757ba69b5,0.04530939269166344
ck_c1295d97cdf35ec2,0.013578596611238532
ck_69105f881da3c821,0.009237217903694177
ck_933789b55361d7c1,0.7775547478524034
ck_b667952253503174,0.003811771586682702
ck_7bf668e25abeeb05,0.004819771588658042
ck_91742711dfdffd56,0.017696429309529072
ck_af32a0660090dd68,0.0211752838364247
ck_2122f201e65f76ee,0.012237589083939264
ck_f48acb73a5d6af07,0.03624884391658072
ck_337c5684510cf432,0.04494096766609591
ck_f7bde7265053364d,0.027072849074913335
ck_c190c7b924edba75,0.02601015733725513
ck_044fa3b3a003f0b5,0.04932119392863304
ck_87eb43e3b9d96169,0.05042974527443529
ck_2d3d6c9364362017,0.002662912038619885
ck_ac55dc6cbcdf8228,0.007015110482074397
ck_61d7b0568ec5d6cf,0.044488679957585105
ck_89c74feeaffa7d09,0.005515003121235237
ck_93776b0c113f41f0,0.18660639369814394
ck_15e0b679931f7a8d,0.008259595200024561
ck_77b56c49cfdb1d81,0.11571357650197968
ck_73188a826b5f499f,0.006664253433411543
ck_4f463ef25325ddfa,0.4726984693312144
ck_863db2e394dc47d1,0.9935228771367295
ck_d52432ed597f3cc9,0.011184875053939829
ck_04fb61e5739642f8,0.19307316757867926
ck_2e481d75d110c06d,0.08120106320202498
ck_3fa1a523d77cd619,0.027950931641424908
ck_466dc6274fecd708,0.005476294303042657
ck_e1790b3aa2241b10,0.9354438408218485
ck_84ad096a46e1a960,0.029675256919684378
ck_3be72c9c178fa00d,0.016491557734811195
ck_5a17c89219d1d9fe,0.018944692914798854
ck_4f639f4ee6ce8d9e,0.10139746810206413
ck_f4ec4a935e51b4db,0.017201368769540367
ck_f04040a830f92bac,0.005194677838070867
ck_3e4d02a04be2aaf8,0.003821020215593992
ck_4d1baef193cfb900,0.0657374083601531
ck_0fb3153d37626b75,0.0008120001367365102
ck_88ec57a11b11f702,0.9281833298705946
ck_dca9dc465f759db4,0.015064834981582398
ck_64f5fba6af67e024,0.0030849779988394548
ck_896096cb167254ef,0.049573797027609716
ck_7878679065876b98,0.036964493333299535
ck_fe8e5a6c880ceb4e,0.007180188308011035
ck_a5e036327d3d1862,0.005317686452035163
ck_310f73940fc4cf4f,0.023526787335585952
ck_46a8db16ad00b749,0.026157910731395187
ck_0d33977c3de8cfaf,0.9959128786436653
ck_c6fff412f531db0f,0.0010286410306330944
ck_bac6dadf428eaea9,0.026940021031825166
ck_1b96d9af0d7da2d5,0.013413070971217675
ck_fa8a4a9e77799fcc,0.003732125048475854
ck_0bf48607a874b4d1,0.005138871269298135
ck_eeb75f8a6439f65e,0.01924231005949002
ck_a209a5f7d172125e,0.01264631695335303
ck_8f346b72fb40bf14,0.01904538791284295
ck_bccbf9fef367f00f,0.02443560902250794
ck_2d1548f1ee405cc9,0.005221185902981411
ck_e8298ff2dc1e9d50,0.004834236534178777
ck_77c0fb524edb4a94,0.005107181730165878
ck_28ac4c5134cb8e77,0.04200099870040177
ck_db23a0e3e54be60c,0.5310300700931377
ck_a059d00cee5cee99,0.0043429625834382765
ck_3e9e3bba8bd363af,0.0038460538433787916
ck_0428728df24cdab4,0.009102186273337594
ck_88cd35378075c84f,0.0018864662172061039
ck_0174d76398d9dc0f,0.047509069580786836
ck_3f1287e6c27de0dc,0.008251600525311183
ck_ff822700f3605e06,0.9909813767254799
ck_4563227b2038ae07,0.158836928282378
ck_788e78065526ee19,0.02998263463871184
ck_8a16eb584093b12f,0.006236533021218426
ck_cc276f71ab6c08fd,0.02348701254816664
ck_d61d97b21002f3e9,0.06102299975747016
ck_4b2e87d86a5e415c,0.03382975861968504
ck_3e6f35e4500d2f2a,0.00183928532263463
ck_3acdb083e0d8ad61,0.004142191304977688
ck_cd655202db489010,0.008609520548980851
ck_829cbf5ccda481ae,0.006576340496551422
ck_f5882e6f98b8b4cd,0.0023461403867607155
ck_767947540b234add,0.007832675804148469
ck_a6e8e8f535b1f1d1,0.0362707047979456
ck_58412a2674fea506,0.049240477781455544
ck_fae7e518a585fa61,0.014115973300541583
ck_9c60ae6958d68dbd,0.13897982186538008
ck_328696b8f5e54ec6,0.055196977010471465
ck_7df3f8f4f1068d62,0.008710551735538863
ck_cfadd21458230ef7,0.025622151650760386
ck_7048bedd554c703b,0.007172166369134754
ck_50422466f145bfd7,0.003103985772224593
ck_61e1f7168cd9ff25,0.03521150889461718
ck_733aff0f56f5b3c9,0.04025058917157019
ck_e14892e424180549,0.0019380485313802555
ck_03f6664a96de7d0f,0.016430428541496317
ck_b7f4baa2cc82fe61,0.01462608574368769
ck_1e51199a075ca0fa,0.004136309186692351
ck_0e70516fa07cfb17,0.9035047682186813
ck_0f37c554a5057801,0.2912509510202359
ck_5576b725de38d106,0.01226525617750308
ck_82f360df1e9f4eb8,0.06667213545348467
ck_395f3bd4aacd7ca6,0.025132923053980696
ck_5e8e857b63966609,0.33039863931430585
ck_93470896f0804b6b,0.9494090480706944
ck_3be854e42e76569a,0.006468843562614456
ck_0567302c57a2417e,0.03623759202813606
ck_ee535461b5f05539,0.168670578993755
ck_94a096c36162a153,0.012823081712369086
ck_dfc8f5c141fd7c63,0.006023834824332123
ck_98b34f2d704c1c2a,0.009666163953559763
ck_96dff7a09d45f116,0.054950788261850285
ck_79557434c129ba52,0.01890372298548569
ck_4596624a7c01d501,0.017420001862723383
ck_04e89fbd739243fa,0.0013421437965874699
ck_6149ffaf18872dc8,0.0017800289349222864
ck_cd78f0832a09bd8f,0.507801049411362
ck_7e29c10d781c3b41,0.020233925135360372
ck_1f7ee7b23fc6f2f4,0.015619611901715087
ck_c49b685d2b3ab89a,0.008712122655761056
ck_84569a8fc50e73ac,0.023481504875285428
ck_b92b11d205af91eb,0.0012454826426212297
ck_06280e6d6d2485b0,0.008597062249846426
ck_3c08546dd0c92863,0.014609448775996603
ck_99d3983f907828bf,0.012814926550962103
ck_eccfd552aa652d3c,0.013199331172266513
ck_0cff8153881875ba,0.013087261874922153
ck_c1aebbeca6ab5ff9,0.0061831889319296516
ck_538fdbbb3c2bcbbb,0.1324706064297041
ck_8c0210322733c718,0.010565579764575908
ck_0b0c93039f987abc,0.01852711469422564
ck_6d07d6d1bd227d37,0.1770793627076883
ck_9b6ee35e8cd0b11c,0.0071919386740064055
ck_d838491d3d4f5ecf,0.015263773758530962
ck_0593ae243a9ebee9,0.008382690939501615
ck_ef261fc09be8eb0b,0.0018227274592384746
ck_d0935b571a4a3868,0.012133547654956464
ck_97d04a67a104af39,0.06801942193548816
ck_e25f70d0b7229420,0.03677052968496524
ck_9b71274ff83de482,0.9660175732962499
ck_6de2aa2bb60978d3,0.016170608231165878
ck_eda55c8fb47593d7,0.007163301924471077
ck_924e572517515f19,0.16759232713371158
ck_d6f27eacbad310f4,0.01088389301530456
ck_8550f229b5eb03ab,0.008787870449850854
ck_e3e95546a84d0ed8,0.022618888511163313
ck_3135c019696ee6af,0.9448473563174569
ck_41ba315d8fccb559,0.006196860956778345
ck_72b86e4485da2d0f,0.9757586961480986
ck_daaa995f3c2f0e47,0.057541449296173885
ck_053746067839696b,0.02338717188070051
ck_a15fe7d0f4b65c33,0.46831016629218525
ck_15de11438732bb05,0.004781518087672814
ck_2c4d25acbe3fabd9,0.005574756456102513
ck_7f08078908599bd2,0.12942180297044645
ck_e794741742fb2619,0.009938985632588371
ck_238e53b6dee8c301,0.003587480791368716
ck_53a6a33060d5c8b8,0.004633111133810084
ck_0e0919292ad33472,0.8218937407419201
ck_d86ccf148c06c8c8,0.03541008383676989
ck_c881f26c9bf9ae42,0.25545305503058846
ck_4b0947bf94e9d847,0.008432763367035865
ck_e10ff5c38bd18470,0.019746205125768426
ck_b60de9e97aad9e45,0.8343598132419648
ck_190bc849e5ff5401,0.021162542398960118
ck_e7be077aa0b2632c,0.003852598145205312
ck_a51abde881ebeff3,0.020470268113567103
ck_2208392a9f6bd249,0.023457655323764825
ck_0259da8f109017e9,0.016881419405262155
ck_05e01ab9c95449da,0.03214304742952437
ck_c82897ebffb6ae66,0.010223720012236509
ck_b4a6bb4689cd7cfa,0.016284254861686425
ck_9e21ea33018ce538,0.013553361678113754
ck_caa348f0e65db062,0.9769614034103219
ck_a964e6b5d8415334,0.4696819699493388
ck_510bfbbee37ff436,0.01065451908253039
ck_9741a82faf5c7889,0.018111045894426674
ck_e7f61b4a39ba98ac,0.0033829087099678376
ck_069d158665a53909,0.01449430489357391
ck_6426427efe3228af,0.01939575032991478
ck_ab4a8d02ec3c0fd7,0.0019380628684140175
ck_aefa0d8d933e0eca,0.030781540949524976
ck_232325ef6bce92f1,0.009542589503125747
ck_14e58c3fb26a2b4d,0.026278922004746273
ck_06e73afdec26aecc,0.12794148397908905
ck_3168f4f2778d64e1,0.01042778227140102
ck_ff3998d6858daa21,0.002061459931873501
ck_bccff46fb0868454,0.11174494077143407
ck_c7d444d90fa86d7c,0.33464209696097563
ck_f0bc3bdee6bfbb94,0.023208486258520903
ck_f7112818a6d81422,0.06157122892461521
ck_aca35dbcb835ad02,0.021652030074460725
ck_f637fabf0f60528f,0.00713685882257306
ck_53d17ab97de1ac3e,0.006529284328856273
ck_c8c1bf16d9113493,0.051060416758230205
ck_e842fb0cf055a83b,0.0632794533479628
ck_93c0cb3dac4891fe,0.007144696091308099
ck_0c1f088e17e46daf,0.03803889999128589
ck_8f4b384955bf57c9,0.0054078907159888
ck_09cd5c4df1e81ac2,0.047461460742330985
ck_1e832a5b2342554f,0.10870439727319965
ck_2cb763a881aee27f,0.0047553825062227936
ck_5875828b11406398,0.012237037874068043
ck_48e84b0cb0b90fa7,0.02484106854403877
ck_833688de8629c5c0,0.003188030921912531
ck_117d78ccd5820f36,0.006849598145673841
ck_668ec61c4c39cae3,0.0021403161671190536
ck_73a7794b659d7a34,0.009245907120349506
ck_10f90d879209734f,0.009844026748900926
ck_d1d079913aa158bf,0.003766703923725468
ck_01c631b38e8a9535,0.00988048579820895
ck_f6923088c17a04e2,0.035392113437652147
ck_b447badc9138987d,0.004795222222126566
ck_8b772caed8f1541c,0.006577928589186442
ck_5403c76fe68a08ba,0.25133398545500124
ck_3e6833574edf1736,0.11550771452367319
ck_e527fbb9450a4581,0.9483355002511286
ck_cc90e219f1ebf390,0.0010248492140530728
